Workbook

Sheet БАЗА
A1: БАЗА!A491
B2: Дата обновления ведомости: | G2: 46235
A3: КОД | B3: Описание | C3: Измеритель | D3: Кол-во исп. | E3: Норма в час (н. в см./11) | F3: Трудоем-кость, чел/час | G3: Норма выраб.за смену, шт | H3: Штучно-калькуляционное время, мин | I3: К=1 +Tпз+Том+Тлн | J3: Трудоем-кость, чел/час | K3: Норма выраб.за смену, шт | L3: Оперативное время в смене, мин.: | M3: Доступное время (11 ч), мин.
B4: Повременные работы и хоз.работы
A5: 00001 | B5: Сбор картона по цеху, транспортировка к прессу, сортировка, удаление посторонних материалов, прессование куба, перемещение в место хранения. | C5: куб | D5: 1 | E5: =G5/11 -> 1.6363636 | F5: =J5 -> 0.61111111 | G5: =K5 -> 18 | H5: 33.333333 | I5: =M5/L5 -> 1.1 | J5: =11/K5 -> 0.61111111 | K5: =M5/(H5*I5) -> 18 | L5: 600 | M5: 660
A6: 00002 | B6: Повременные работы | C6: час | D6: 1 | E6: =G6/11 -> 1 | F6: =11/G6 -> 1 | G6: =L6/H6 -> 11 | H6: 54.545455 | I6: =M6/L6 -> 1.1 | J6: =11/K6 -> 1 | K6: =M6/(H6*I6) -> 11 | L6: 600 | M6: 660
A7: 00003 | B7: Повременные работы. Заготовительные операции. | C7: час | D7: 1 | E7: =G7/11 -> 1 | F7: =11/G7 -> 1 | G7: =L7/H7 -> 11 | H7: 54.545455 | I7: =M7/L7 -> 1.1 | J7: =11/K7 -> 1 | K7: =M7/(H7*I7) -> 11 | L7: 600 | M7: 660
A8: 00004 | B8: Повременные работы. Сборка | C8: час | D8: 1 | E8: =G8/11 -> 1 | F8: =11/G8 -> 1 | G8: =L8/H8 -> 11 | H8: 54.545455 | I8: =M8/L8 -> 1.1 | J8: =11/K8 -> 1 | K8: =M8/(H8*I8) -> 11 | L8: 600 | M8: 660
A9: 00005 | B9: Повременные работы. Сварка. | C9: час | D9: 1 | E9: =G9/11 -> 1 | F9: =11/G9 -> 1 | G9: =L9/H9 -> 11 | H9: 54.545455 | I9: =M9/L9 -> 1.1 | J9: =11/K9 -> 1 | K9: =M9/(H9*I9) -> 11 | L9: 600 | M9: 660
A10: 00006 | B10: Повременные работы. Работа на лазере | C10: час | D10: 1 | E10: =G10/11 -> 1 | F10: =11/G10 -> 1 | G10: =L10/H10 -> 11 | H10: 54.545455 | I10: =M10/L10 -> 1.1 | J10: =11/K10 -> 1 | K10: =M10/(H10*I10) -> 11 | L10: 600 | M10: 660
A11: 00007 | B11: Повременные работы. Заливка ЛШП, Гаскетинг | C11: час | D11: 1 | E11: =G11/11 -> 1 | F11: =11/G11 -> 1 | G11: =L11/H11 -> 11 | H11: 54.545455 | I11: =M11/L11 -> 1.1 | J11: =11/K11 -> 1 | K11: =M11/(H11*I11) -> 11 | L11: 600 | M11: 660
A12: 00008 | B12: Повременные работы по упаковке и укладке. | C12: час | D12: 1 | E12: =G12/11 -> 1 | F12: =11/G12 -> 1 | G12: =L12/H12 -> 11 | H12: 54.545455 | I12: =M12/L12 -> 1.1 | J12: =11/K12 -> 1 | K12: =M12/(H12*I12) -> 11 | L12: 600 | M12: 660
A13: 00009 | B13: Простой, ожидание не по вине работника | C13: час | D13: 1 | E13: =G13/11 -> 1 | F13: =11/G13 -> 1 | G13: =L13/H13 -> 11 | H13: 54.545455 | I13: =M13/L13 -> 1.1 | J13: =11/K13 -> 1 | K13: =M13/(H13*I13) -> 11 | L13: 600 | M13: 660
A14: 00010 | B14: Переделка брака по вине сотрудников других отделов/участков | C14: час | D14: 1 | E14: =G14/11 -> 1 | F14: =11/G14 -> 1 | G14: =L14/H14 -> 11 | H14: 54.545455 | I14: =M14/L14 -> 1.1 | J14: =11/K14 -> 1 | K14: =M14/(H14*I14) -> 11 | L14: 600 | M14: 660
A15: 00011 | B15: Простой, ожидание по вине КО | C15: час | D15: 1 | E15: =G15/11 -> 1 | F15: =11/G15 -> 1 | G15: =L15/H15 -> 11 | H15: 54.545455 | I15: 1.1 | J15: 1 | K15: 11 | L15: 600 | M15: 660
A16: 00012 | B16: Простой, ожидание по вине склада | C16: час | D16: 1 | E16: =G16/11 -> 1 | F16: =11/G16 -> 1 | G16: =L16/H16 -> 11 | H16: 54.545455 | I16: 1.1 | J16: 1 | K16: 11 | L16: 600 | M16: 660
A17: 00013 | B17: Простой, ожидание ввиду отсутствия комплектующих | C17: час | D17: 1 | E17: =G17/11 -> 1 | F17: =11/G17 -> 1 | G17: =L17/H17 -> 11 | H17: 54.545455 | I17: 1.1 | J17: 1 | K17: 11 | L17: 600 | M17: 660
A18: 00014 | B18: Простой, по причине механических поломок, ремонта. | C18: час | D18: 1 | E18: =G18/11 -> 1 | F18: =11/G18 -> 1 | G18: =L18/H18 -> 11 | H18: 54.545455 | I18: =M18/L18 -> 1.1 | J18: =11/K18 -> 1 | K18: =M18/(H18*I18) -> 11 | L18: 600 | M18: 660
A19: 00030 | B19: Y. T. FE-IP55. Торцовка на пиле прямых секций после сборки. | C19: час | D19: 1 | E19: =G19/11 -> 1 | F19: =11/G19 -> 1 | G19: =L19/H19 -> 11 | H19: 54.545455 | I19: =M19/L19 -> 1.1 | J19: =11/K19 -> 1 | K19: =M19/(H19*I19) -> 11 | L19: 600 | M19: 660
A20: 00031 | B20: Y. T. FE-IP68. Торцовка на пиле прямых литых секций после сборки. | C20: час | D20: 1 | E20: =G20/11 -> 1 | F20: =11/G20 -> 1 | G20: =L20/H20 -> 11 | H20: 54.545455 | I20: =M20/L20 -> 1.1 | J20: =11/K20 -> 1 | K20: =M20/(H20*I20) -> 11 | L20: 600 | M20: 660
A21: 00032 | B21: Y.T. CZ-IP55. Торцовка на пиле непрямых секций после сборки. | C21: час | D21: 1 | E21: =G21/11 -> 1 | F21: =11/G21 -> 1 | G21: =L21/H21 -> 11 | H21: 54.545455 | I21: =M21/L21 -> 1.1 | J21: =11/K21 -> 1 | K21: =M21/(H21*I21) -> 11 | L21: 600 | M21: 660
A22: 00033 | B22: Y.T. CZ-IP68. Торцовка на пиле непрямых литых секций после сборки. | C22: час | D22: 1 | E22: =G22/11 -> 1 | F22: =11/G22 -> 1 | G22: =L22/H22 -> 11 | H22: 54.545455 | I22: =M22/L22 -> 1.1 | J22: =11/K22 -> 1 | K22: =M22/(H22*I22) -> 11 | L22: 600 | M22: 660
A23: 00190 | B23: ИЗ.ПОВР. ATT. Изолирование нестандартных (по форме, габаритам, гибам, флажкам) шин для трансформаторных секций | C23: час | D23: 1 | E23: =G23/11 -> 1 | F23: =11/G23 -> 1 | G23: =L23/H23 -> 11 | H23: 54.545455 | I23: =M23/L23 -> 1.1 | J23: =11/K23 -> 1 | K23: =M23/(H23*I23) -> 11 | L23: 600 | M23: 660
A24: 00220 | B24: ПС. ПОВР. АTT. Полная сборка крупногабаритных нестандартных трансформаторных секций (IP 55-68) | C24: час | D24: 1 | E24: =G24/11 -> 1 | F24: =11/G24 -> 1 | G24: =L24/H24 -> 11 | H24: 54.545455 | I24: =M24/L24 -> 1.1 | J24: =11/K24 -> 1 | K24: =M24/(H24*I24) -> 11 | L24: 600 | M24: 660
A25: 00270 | B25: СБ.ЯОМ. ЭКСП. Экспериментальная, нетиповая сборка яом, работа с тех.специалистами, разработка схем расключения. | C25: час | D25: 1 | E25: =G25/11 -> 0.86580087 | F25: =J25 -> 1.155 | G25: =K25 -> 9.5238095 | H25: 63 | I25: =M25/L25 -> 1.1 | J25: =11/K25 -> 1.155 | K25: =M25/(H25*I25) -> 9.5238095 | L25: 600 | M25: 660
A26: 00300 | B26: Работа на экструдере, цех №1 | C26: час | D26: 1 | E26: 1 | F26: 1 | G26: 11 | H26: 54.545455
A27: 00500 | B27: НАП. Шин для АТТ. Напыление крупногабаритных (сложной формы) шин из листа (более 200 мм) | C27: час | D27: 1 | E27: =G27/11 -> 1 | F27: =11/G27 -> 1 | G27: =L27/H27 -> 11 | H27: 54.545455 | I27: =M27/L27 -> 1.1 | J27: =11/K27 -> 1 | K27: =M27/(H27*I27) -> 11 | L27: 600 | M27: 660
A28: 00666 | B28: КОРРЕКТИРОВКА НОРМ (применяется в случае явного несоответствия нормы времени и фактической трудоемкости, необходима для закрытия наряда и акцентирования внимания). | C28: час | D28: 1 | E28: =G28/11 -> 1 | F28: =11/G28 -> 1 | G28: =L28/H28 -> 11 | H28: 54.545455 | I28: =M28/L28 -> 1.1 | J28: =11/K28 -> 1 | K28: =M28/(H28*I28) -> 11 | L28: 600 | M28: 660
B29: Участок напыления (кту 1,2)
A30: 00501 | B30: Замена сопла на ДИМЕТ | C30: шт | D30: 1 | E30: =G30/11 -> 12.731157 | F30: =11/G30 -> 0.078547458 | G30: =L30/H30 -> 140.04272 | H30: 4.213 | I30: =M30/L30 -> 1.1186441 | J30: =11/K30 -> 0.078547458 | K30: =M30/(H30*I30) -> 140.04272 | L30: 590 | M30: 660
A31: 00505 | B31: Приготовление 5 кг (1 тарная единица) смеси для напыления (новый порошок + рекупират) в утвержденной пропорции. | C31: шт | D31: 1 | E31: =G31/11 -> 10.727273 | F31: =11/G31 -> 0.093220339 | G31: =L31/H31 -> 118 | H31: 5 | I31: =M31/L31 -> 1.1186441 | J31: =11/K31 -> 0.093220339 | K31: =M31/(H31*I31) -> 118 | L31: 590 | M31: 660
B32: Напыление шин
A33: 00510 | B33: НАП. Al шин 30 для FE S1. (4 конт. зоны по 30 мм), длиной до 999 мм | C33: шт | D33: 1 | E33: =G33/11 -> 42.175602 | F33: =11/G33 -> 0.023710391 | G33: =L33/H33 -> 463.93162 | H33: 1.2717391 | I33: =M33/L33 -> 1.1186441 | J33: =11/K33 -> 0.023913043 | K33: 460 | L33: 590 | M33: 660
A34: 00511 | B34: НАП. Al шин 50 для FE S1. (4 конт. зоны по 30 мм), длиной до 999 мм | C34: шт | D34: 1 | E34: =G34/11 -> 36.674437 | F34: =11/G34 -> 0.027266949 | G34: =L34/H34 -> 403.4188 | H34: 1.4625 | I34: =M34/L34 -> 1.1186441 | J34: =11/K34 -> 0.0275 | K34: 400 | L34: 590 | M34: 660
A35: 00512 | B35: НАП. Al шин 60 для FE S1. (4 конт. зоны по 30 мм), длиной до 999 мм | C35: шт | D35: 1 | E35: =G35/11 -> 33.465423 | F35: =11/G35 -> 0.029881588 | G35: =L35/H35 -> 368.11966 | H35: 1.6027397 | I35: =M35/L35 -> 1.1186441 | J35: =11/K35 -> 0.030136986 | K35: 365 | L35: 590 | M35: 660
A36: 00513 | B36: НАП. Al шин 65 для FE S1. (4 конт. зоны по 30 мм), длиной до 999 мм | C36: шт | D36: 1 | E36: =G36/11 -> 31.173271 | F36: =11/G36 -> 0.032078764 | G36: =L36/H36 -> 342.90598 | H36: 1.7205882 | I36: =M36/L36 -> 1.1186441 | J36: =11/K36 -> 0.032352941 | K36: 340 | L36: 590 | M36: 660
A37: 00514 | B37: НАП. Al шин 75 для FE S1. (4 конт. зоны по 30 мм), длиной до 999 мм | C37: шт | D37: 1 | E37: =G37/11 -> 27.505828 | F37: =11/G37 -> 0.036355932 | G37: =L37/H37 -> 302.5641 | H37: 1.95 | I37: =M37/L37 -> 1.1186441 | J37: =11/K37 -> 0.036666667 | K37: 300 | L37: 590 | M37: 660
A38: 00515 | B38: НАП. Al шин 100 для FE S1. (4 конт. зоны по 30 мм), длиной до 999 мм | C38: шт | D38: 1 | E38: =G38/11 -> 22.004662 | F38: =11/G38 -> 0.045444915 | G38: =L38/H38 -> 242.05128 | H38: 2.4375 | I38: =M38/L38 -> 1.1186441 | J38: =11/K38 -> 0.045833333 | K38: 240 | L38: 590 | M38: 660
A39: 00516 | B39: НАП. Al шин 109 для FE S1. (4 конт. зоны по 30 мм), длиной до 999 мм | C39: шт | D39: 1 | E39: =G39/11 -> 23.379953 | F39: =11/G39 -> 0.042771685 | G39: =L39/H39 -> 257.17949 | H39: 2.2941176 | I39: =M39/L39 -> 1.1186441 | J39: =11/K39 -> 0.043137255 | K39: 255 | L39: 590 | M39: 660
A40: 00517 | B40: НАП. Al шин 130 для FE S1. (4 конт. зоны по 30 мм), длиной до 999 мм | C40: шт | D40: 1 | E40: =G40/11 -> 18.337218 | F40: =11/G40 -> 0.054533898 | G40: =L40/H40 -> 201.7094 | H40: 2.925 | I40: =M40/L40 -> 1.1186441 | J40: =11/K40 -> 0.055 | K40: 200 | L40: 590 | M40: 660
A41: 00518 | B41: НАП. Al шин 140 для FE S1. (4 конт. зоны по 30 мм), длиной до 999 мм | C41: шт | D41: 1 | E41: =G41/11 -> 17.420357 | F41: =11/G41 -> 0.057404103 | G41: =L41/H41 -> 191.62393 | H41: 3.0789474 | I41: =M41/L41 -> 1.1186441 | J41: =11/K41 -> 0.057894737 | K41: 190 | L41: 590 | M41: 660
A42: 00519 | B42: НАП. Al шин 160 для FE S1. (4 конт. зоны по 30 мм), длиной до 999 мм | C42: шт | D42: 1 | E42: =G42/11 -> 15.586636 | F42: =11/G42 -> 0.064157527 | G42: =L42/H42 -> 171.45299 | H42: 3.4411765 | I42: =M42/L42 -> 1.1186441 | J42: =11/K42 -> 0.064705882 | K42: 170 | L42: 590 | M42: 660
A43: 00520 | B43: НАП. Al шин 200 для FE S1. (4 конт. зоны по 30 мм), длиной до 999 мм | C43: шт | D43: 1 | E43: =G43/11 -> 14.247159 | F43: =11/G43 -> 0.070189432 | G43: =L43/H43 -> 156.71875 | H43: 3.7647059 | I43: =M43/L43 -> 1.1186441 | J43: =11/K43 -> 0.070789341 | K43: 155.39062 | L43: 590 | M43: 660
A44: 00521 | B44: НАП. Al шин 30 для FE S2. (4 конт. зоны по 30 мм), длиной 999-1999 мм | C44: шт | D44: 1 | E44: =G44/11 -> 36.674437 | F44: =11/G44 -> 0.027266949 | G44: =L44/H44 -> 403.4188 | H44: 1.4625 | I44: =M44/L44 -> 1.1186441 | J44: =11/K44 -> 0.0275 | K44: 400 | L44: 590 | M44: 660
... A62: 00539 | B62: НАП. Al шин 130 для FE S3. (4 конт. зоны по 30 мм), длиной 2000-3000 мм | C62: шт | D62: 1 | E62: =G62/11 -> 13.865572 | F62: =11/G62 -> 0.072121081 | G62: =L62/H62 -> 152.52129 | H62: 3.8683125 | I62: =M62/L62 -> 1.1186441 | J62: =11/K62 -> 0.0727375 | K62: 151.22873 | L62: 590 | M62: 660
A63: 00540 | B63: НАП. Al шин 140 для FE S3. (4 конт. зоны по 30 мм), длиной 2000-3000 мм | C63: шт | D63: 1 | E63: =G63/11 -> 13.172293 | F63: =11/G63 -> 0.075916927 | G63: =L63/H63 -> 144.89522 | H63: 4.0719079 | I63: =M63/L63 -> 1.1186441 | L63: 590 | M63: 660
A64: 00541 | B64: НАП. Al шин 160 для FE S3. (4 конт. зоны по 30 мм), длиной 2000-3000 мм | C64: шт | D64: 1 | E64: =G64/11 -> 11.785736 | F64: =11/G64 -> 0.08484833 | G64: =L64/H64 -> 129.64309 | H64: 4.5509559 | I64: =M64/L64 -> 1.1186441 | L64: 590 | M64: 660
A65: 00542 | B65: НАП. Al шин 200 для FE S3. (4 конт. зоны по 30 мм), длиной 2000-3000 мм | C65: шт | D65: 1 | E65: =G65/11 -> 10.772899 | F65: =11/G65 -> 0.092825523 | G65: =L65/H65 -> 118.50189 | H65: 4.9788235 | I65: =M65/L65 -> 1.1186441 | L65: 590 | M65: 660
A66: 00543 | B66: НАП. Cu шин 30 для FE S1. (4 конт. зоны по 30 мм), длиной до 999 мм | C66: шт | D66: 1 | E66: =G66/11 -> 33.740482 | F66: =11/G66 -> 0.029637988 | G66: =L66/H66 -> 371.1453 | H66: 1.5896739 | I66: =M66/L66 -> 1.1186441 | L66: 590 | M66: 660
A67: 00544 | B67: НАП. Cu шин 40 для FE S1. (4 конт. зоны по 30 мм), длиной до 999 мм | C67: шт | D67: 1 | E67: =G67/11 -> 31.540016 | F67: =11/G67 -> 0.031705755 | G67: =L67/H67 -> 346.94017 | H67: 1.7005814 | I67: =M67/L67 -> 1.1186441 | L67: 590 | M67: 660
A68: 00545 | B68: НАП. Cu шин 50 для FE S1. (4 конт. зоны по 30 мм), длиной до 999 мм | C68: шт | D68: 1 | E68: =G68/11 -> 29.339549 | F68: =11/G68 -> 0.034083686 | G68: =L68/H68 -> 322.73504 | H68: 1.828125 | I68: =M68/L68 -> 1.1186441 | L68: 590 | M68: 660
A69: 00546 | B69: НАП. Cu шин 60 для FE S1. (4 конт. зоны по 30 мм), длиной до 999 мм | C69: шт | D69: 1 | E69: =G69/11 -> 26.772339 | F69: =11/G69 -> 0.037351985 | G69: =L69/H69 -> 294.49573 | H69: 2.0034247 | I69: =M69/L69 -> 1.1186441 | L69: 590 | M69: 660
A70: 00547 | B70: НАП. Cu шин 65 для FE S1. (4 конт. зоны по 30 мм), длиной до 999 мм | C70: шт | D70: 1 | E70: =G70/11 -> 24.938617 | F70: =11/G70 -> 0.040098455 | G70: =L70/H70 -> 274.32479 | H70: 2.1507353 | I70: =M70/L70 -> 1.1186441 | L70: 590 | M70: 660
A71: 00548 | B71: НАП. Cu шин 75 для FE S1. (4 конт. зоны по 30 мм), длиной до 999 мм | C71: шт | D71: 1 | E71: =G71/11 -> 22.004662 | F71: =11/G71 -> 0.045444915 | G71: =L71/H71 -> 242.05128 | H71: 2.4375 | I71: =M71/L71 -> 1.1186441 | L71: 590 | M71: 660
A72: 00549 | B72: НАП. Cu шин 100 для FE S1. (4 конт. зоны по 30 мм), длиной до 999 мм | C72: шт | D72: 1 | E72: =G72/11 -> 17.60373 | F72: =11/G72 -> 0.056806144 | G72: =L72/H72 -> 193.64103 | H72: 3.046875 | I72: =M72/L72 -> 1.1186441 | L72: 590 | M72: 660
A73: 00550 | B73: НАП. Cu шин 130 для FE S1. (4 конт. зоны по 30 мм), длиной до 999 мм | C73: шт | D73: 1 | E73: =G73/11 -> 14.669775 | F73: =11/G73 -> 0.068167373 | G73: =L73/H73 -> 161.36752 | H73: 3.65625 | I73: =M73/L73 -> 1.1186441 | L73: 590 | M73: 660
A74: 00551 | B74: НАП. Cu шин 140 для FE S1. (4 конт. зоны по 30 мм), длиной до 999 мм | C74: шт | D74: 1 | E74: =G74/11 -> 13.936286 | F74: =11/G74 -> 0.071755129 | G74: =L74/H74 -> 153.29915 | H74: 3.8486842 | I74: =M74/L74 -> 1.1186441 | L74: 590 | M74: 660
... A98: 00575 | B98: НАП. Cu шин 200 для FE S3. (4 конт. зоны по 30 мм), длиной 2000-3000 мм | C98: шт | D98: 1 | E98: =G98/11 -> 7.9150884 | F98: =11/G98 -> 0.12634098 | G98: =L98/H98 -> 87.065972 | H98: 6.7764706 | I98: =M98/L98 -> 1.1186441 | L98: 590 | M98: 660
B99: Напыление шин для контактных групп и ошиновки ЯОМ, переходных пластин, PE для ATSC, терминальных и трансформаторных секций (ATSC, ATT)
A100: 00580 | B100: НАП. Al пластин PE для ATSC 100-630А, (2 стороны) | C100: шт | D100: 1 | E100: =G100/11 -> 81.338661 | F100: =11/G100 -> 0.012294277 | G100: =L100/H100 -> 894.72527 | H100: 0.65942029 | I100: =M100/L100 -> 1.1186441 | L100: 590 | M100: 660
A101: 00581 | B101: НАП. Al пластин PE для ATSC 800А, (2 стороны) | C101: шт | D101: 1 | E101: =G101/11 -> 75.120957 | F101: =11/G101 -> 0.013311864 | G101: =L101/H101 -> 826.33053 | H101: 0.714 | I101: =M101/L101 -> 1.1186441 | L101: 590 | M101: 660
A102: 00582 | B102: НАП. Al пластин PE для ATSC 1000А, (2 стороны) | C102: шт | D102: 1 | E102: =G102/11 -> 69.657615 | F102: =11/G102 -> 0.014355932 | G102: =L102/H102 -> 766.23377 | H102: 0.77 | I102: =M102/L102 -> 1.1186441 | L102: 590 | M102: 660
A103: 00583 | B103: НАП. Al пластин PE для ATSC 1250А, (2 стороны) | C103: шт | D103: 1 | E103: =G103/11 -> 64.825192 | F103: =11/G103 -> 0.015426102 | G103: =L103/H103 -> 713.07711 | H103: 0.8274 | I103: =M103/L103 -> 1.1186441 | L103: 590 | M103: 660
A104: 00584 | B104: НАП. Al пластин PE для ATSC 1600А, (2 стороны) | C104: шт | D104: 1 | E104: =G104/11 -> 62.414652 | F104: =11/G104 -> 0.016021879 | G104: =L104/H104 -> 686.56117 | H104: 0.85935533 | I104: =M104/L104 -> 1.1186441 | L104: 590 | M104: 660
A105: 00585 | B105: НАП. Al пластин PE для ATSC 2000А, (2 стороны) | C105: шт | D105: 1 | E105: =G105/11 -> 58.265201 | F105: =11/G105 -> 0.017162903 | G105: =L105/H105 -> 640.91722 | H105: 0.92055571 | I105: =M105/L105 -> 1.1186441 | L105: 590 | M105: 660
A106: 00586 | B106: НАП. Al пластин PE для ATSC 2500А, (2 стороны) | C106: шт | D106: 1 | E106: =G106/11 -> 36.826374 | F106: =11/G106 -> 0.027154452 | G106: =L106/H106 -> 405.09011 | H106: 1.4564661 | I106: =M106/L106 -> 1.1186441 | L106: 590 | M106: 660
A107: 00587 | B107: НАП. Al пластин PE для ATSC 3200А, (2 стороны) | C107: шт | D107: 1 | E107: =G107/11 -> 31.38022 | F107: =11/G107 -> 0.031867208 | G107: =L107/H107 -> 345.18242 | H107: 1.7092412 | I107: =M107/L107 -> 1.1186441 | L107: 590 | M107: 660
A108: 00588 | B108: НАП. Al пластин PE для ATSC 4000А, (2 стороны) | C108: шт | D108: 1 | E108: =G108/11 -> 25.761172 | F108: =11/G108 -> 0.038818109 | G108: =L108/H108 -> 283.37289 | H108: 2.0820622 | I108: =M108/L108 -> 1.1186441 | L108: 590 | M108: 660
A109: 00589 | B109: НАП. Al пластин PE для ATSC 5000А, (2 стороны) | C109: шт | D109: 1 | E109: =G109/11 -> 17.027417 | F109: =11/G109 -> 0.058728814 | G109: =L109/H109 -> 187.30159 | H109: 3.15 | I109: =M109/L109 -> 1.1186441 | L109: 590 | M109: 660
A110: 00590 | B110: НАП. Al пластин PE для ATSC 6300А, (2 стороны) | C110: шт | D110: 1 | E110: =G110/11 -> 14.457241 | F110: =11/G110 -> 0.069169492 | G110: =L110/H110 -> 159.02965 | H110: 3.71 | I110: =M110/L110 -> 1.1186441 | L110: 590 | M110: 660
A111: 00599 | B111: Напыление ошиновки для контактных групп ЯОМ (1 сторна), более 350 мм в длину, (разметка, чертеж). | C111: шт | D111: 1 | E111: =G111/11 -> 52.727273 | F111: =11/G111 -> 0.018965517 | G111: =L111/H111 -> 580 | H111: 1.0172414 | I111: =M111/L111 -> 1.1186441 | L111: 590 | M111: 660
... A171: 00659 | B171: НАП. Cu шин из листа шириной от 401 мм для ATT | C171: шт | D171: 1 | E171: =G171/11 -> 2.7505828 | F171: =11/G171 -> 0.36355932 | G171: =L171/H171 -> 30.25641 | H171: 19.5 | I171: =M171/L171 -> 1.1186441 | L171: 590 | M171: 660
B172: Напыление шин для стыков V3 (2 контактные зоны по 30 мм)
A173: 00700 | B173: НАП. Шина 30. G до 400. | C173: шт | D173: 1 | E173: =G173/11 -> 124.73573 | F173: =11/G173 -> 0.0080169492 | G173: =L173/H173 -> 1372.093 | H173: 0.43 | I173: =M173/L173 -> 1.1186441 | L173: 590 | M173: 660
A174: 00701 | B174: НАП. Шина 65. G630. | C174: шт | D174: 1 | E174: =G174/11 -> 113.87413 | F174: =11/G174 -> 0.0087816261 | G174: =L174/H174 -> 1252.6154 | H174: 0.47101449 | I174: =M174/L174 -> 1.1186441 | L174: 590 | M174: 660
A175: 00702 | B175: НАП. Шина 80. G800. | C175: шт | D175: 1 | E175: =G175/11 -> 105.16934 | F175: =11/G175 -> 0.0095084746 | G175: =L175/H175 -> 1156.8627 | H175: 0.51 | I175: =M175/L175 -> 1.1186441 | L175: 590 | M175: 660
A176: 00703 | B176: НАП. Шина 100. G1000. | C176: шт | D176: 1 | E176: =G176/11 -> 97.520661 | F176: =11/G176 -> 0.010254237 | G176: =L176/H176 -> 1072.7273 | H176: 0.55 | I176: =M176/L176 -> 1.1186441 | L176: 590 | M176: 660
A177: 00704 | B177: НАП. Шина 120. GF до 400. | C177: шт | D177: 1 | E177: =G177/11 -> 105.16934 | F177: =11/G177 -> 0.0095084746 | G177: =L177/H177 -> 1156.8627 | H177: 0.51 | I177: =M177/L177 -> 1.1186441 | L177: 590 | M177: 660
A178: 00705 | B178: НАП. Шина 130. G1250. | C178: шт | D178: 1 | E178: =G178/11 -> 90.755268 | F178: =11/G178 -> 0.011018644 | G178: =L178/H178 -> 998.30795 | H178: 0.591 | I178: =M178/L178 -> 1.1186441 | L178: 590 | M178: 660
A179: 00706 | B179: НАП. Шина 140. GF630. | C179: шт | D179: 1 | E179: =G179/11 -> 90.755268 | F179: =11/G179 -> 0.011018644 | G179: =L179/H179 -> 998.30795 | H179: 0.591 | I179: =M179/L179 -> 1.1186441 | L179: 590 | M179: 660
A180: 00707 | B180: НАП. Шина 155. GF800. | C180: шт | D180: 1 | E180: =G180/11 -> 90.755268 | F180: =11/G180 -> 0.011018644 | G180: =L180/H180 -> 998.30795 | H180: 0.591 | I180: =M180/L180 -> 1.1186441 | L180: 590 | M180: 660
A181: 00708 | B181: НАП. Шина 160. G1600. | C181: шт | D181: 1 | E181: =G181/11 -> 87.380513 | F181: =11/G181 -> 0.011444199 | G181: =L181/H181 -> 961.18564 | H181: 0.61382523 | I181: =M181/L181 -> 1.1186441 | L181: 590 | M181: 660
A182: 00709 | B182: НАП. Шина 190. GF1000. | C182: шт | D182: 1 | E182: =G182/11 -> 82.517483 | F182: =11/G182 -> 0.012118644 | G182: =L182/H182 -> 907.69231 | H182: 0.65 | I182: =M182/L182 -> 1.1186441 | L182: 590 | M182: 660
A183: 00710 | B183: НАП. Шина 200. G2000. | C183: шт | D183: 1 | E183: =G183/11 -> 81.571282 | F183: =11/G183 -> 0.012259216 | G183: =L183/H183 -> 897.2841 | H183: 0.65753979 | I183: =M183/L183 -> 1.1186441 | L183: 590 | M183: 660
A184: 00711 | B184: НАП. Шина 220. GF1250. | C184: шт | D184: 1 | E184: =G184/11 -> 71.515152 | F184: =11/G184 -> 0.013983051 | G184: =L184/H184 -> 786.66667 | H184: 0.75 | I184: =M184/L184 -> 1.1186441 | L184: 590 | M184: 660
... A196: 00723 | B196: НАП. Шина 880. GF6300. | C196: шт | D196: 1 | E196: =G196/11 -> 18.181818 | F196: =11/G196 -> 0.055 | G196: =L196/H196 -> 200 | H196: 2.95 | I196: =M196/L196 -> 1.1186441 | L196: 590 | M196: 660
B197: Автоматическая подготовка шин. ЦЕХ № 2.
B198: МАШИНА Торцевания и гибки шин
A199: 00801 | B199: АРГШ ПН пусконаладочные работы в начале сменывнешний осмотр, обнуление параметров, контроль уровня СОЖ). | C199: шт | D199: 1 | E199: =G199/11 -> 10.909091 | F199: =11/G199 -> 0.091666667 | G199: =L199/H199 -> 120 | H199: 5 | L199: 600 | M199: 660
A200: 00802 | B200: АРГШ НЗ переналадка на заготовку другого типоразмера | C200: шт | D200: 1 | E200: =G200/11 -> 18.181818 | F200: =11/G200 -> 0.055 | G200: =L200/H200 -> 200 | H200: 3 | L200: 600 | M200: 660
A201: 00803 | B201: АРГШ НК дополнительная наладка (корректировка параметров) оборудования в течение смены | C201: шт | D201: 1 | E201: =G201/11 -> 54.545455 | F201: =11/G201 -> 0.018333333 | G201: =L201/H201 -> 600 | H201: 1 | L201: 600 | M201: 660
A202: 00804 | B202: АРГШ AL 50 FE-S2 автоматическая резка и гибка шин шириной 50 мм и длиной 1300-1999 мм. | C202: шт | D202: 1 | E202: =G202/11 -> 13.470149 | F202: =11/G202 -> 0.074238227 | G202: =L202/H202 -> 148.17164 | H202: 4.0493578 | L202: 600 | M202: 660
A203: 00805 | B203: АРГШ AL 50 FE, FE-S3 автоматическая резка и гибка шин шириной 50 мм и длиной 2000-3000 мм. | C203: шт | D203: 1 | E203: =G203/11 -> 11.283529 | F203: =11/G203 -> 0.088624753 | G203: =L203/H203 -> 124.11882 | H203: 4.8340774 | L203: 600 | M203: 660
A204: 00806 | B204: АРГШ AL 65 FE-S2 автоматическая резка и гибка шин шириной 65 мм и длиной 1300-1999 мм. | C204: шт | D204: 1 | E204: =G204/11 -> 12.497115 | F204: =11/G204 -> 0.080018467 | G204: =L204/H204 -> 137.46827 | H204: 4.3646436 | L204: 600 | M204: 660
A205: 00807 | B205: АРГШ AL 65 FE, FE-S3 автоматическая резка и гибка шин шириной 65 мм и длиной 2000-3000 мм. | C205: шт | D205: 1 | E205: =G205/11 -> 10.633003 | F205: =11/G205 -> 0.094046807 | G205: =L205/H205 -> 116.96304 | H205: 5.1298258 | L205: 600 | M205: 660
A206: 00808 | B206: АРГШ AL 75 FE-S2 автоматическая резка и гибка шин шириной 75 мм и длиной 1300-1999 мм. | C206: шт | D206: 1 | E206: =G206/11 -> 12.116642 | F206: =11/G206 -> 0.082531117 | G206: =L206/H206 -> 133.28306 | H206: 4.5016973 | L206: 600 | M206: 660
A207: 00809 | B207: АРГШ AL 75 FE, FE-S3 автоматическая резка и гибка шин шириной 75 мм и длиной 2000-3000 мм. | C207: шт | D207: 1 | E207: =G207/11 -> 10.625201 | F207: =11/G207 -> 0.094115868 | G207: =L207/H207 -> 116.87721 | H207: 5.1335928 | L207: 600 | M207: 660
A208: 00810 | B208: АРГШ AL 100 FE-S2 автоматическая резка и гибка шин шириной 100 мм и длиной 1300-1999 мм. | C208: шт | D208: 1 | E208: =G208/11 -> 12.34246 | F208: =11/G208 -> 0.081021127 | G208: =L208/H208 -> 135.76706 | H208: 4.4193342 | L208: 600 | M208: 660
A209: 00811 | B209: АРГШ AL 100 FE, FE-S3 автоматическая резка и гибка шин шириной 100 мм и длиной 2000-3000 мм. | C209: шт | D209: 1 | E209: =G209/11 -> 10.597298 | F209: =11/G209 -> 0.094363677 | G209: =L209/H209 -> 116.57028 | H209: 5.1471097 | L209: 600 | M209: 660
A210: 00812 | B210: АРГШ AL 130 FE-S2 автоматическая резка и гибка шин шириной 130 мм и длиной 1300-1999 мм. | C210: шт | D210: 1 | E210: =G210/11 -> 12 | F210: =11/G210 -> 0.083333333 | G210: =L210/H210 -> 132 | H210: 4.5454545 | L210: 600 | M210: 660
...

Sheet СПРАВОЧНИК
A1: СПРАВОЧНИК
A2: Дополнительные работы | B2: Код
A3: Повременные работы | B3: 0000
A5: Заготовительные операции
A6: Участок напыления | B6: 500
A7: Авт. линия подготовки шин. Цех №2. | B7: 800
A8: Участок гибки | B8: 1000
A9: Участок заливки | B9: 1150
A10: Участок обработки | B10: 1300
A11: Резка на пиле | B11: 1400
A12: Зачистка | B12: 1470
A13: Участок покраски | B13: 1500
A14: Участок сварки | B14: 1600
A15: Участок станков с ПУ | B15: 1700
A16: Участок изолировки | B16: 1900
A18: Сборочные операции | B18: Код
A19: Участок сборки стыков | B19: 2000
A20: Участок сборки секций | B20: 2200
A21: Участок сборки секций ЛШП | B21: 2400
A22: Участок сборки ЯОМ | B22: 2700
A24: Упаковка ГП | B24: Код
A25: Упаковка | B25: 3000
A27: Специализированные изделия | B27: Код
A28: Гибкая шина плетеная | B28: 4000
A29: Устаревшие нормы | B29: Код
A30: Общий список | B30: 9000

Sheet форма для расчета
A1: Код расценки | B1: Полное наименование | C1: Базовая единица изм. | D1: Норма выработки за час, шт. | E1: Трудоем-кость, чел/час | F1: Количество изделий | G1: Заработан-ные, н/час
A2: 00977 | B2: =VLOOKUP(A2,БАЗА!A:F,2,0) -> ARM. ПС. FE 4000А. Полная сборка пакетов, соединение пакетов, упаковка и снятие. 4000А. | C2: =VLOOKUP(A2,БАЗА!A:G,3,0) -> шт | D2: =VLOOKUP(A2,БАЗА!A:G,5,0) -> 0.72727273 | E2: =VLOOKUP(A2,БАЗА!A:G,6,0) -> 1.375 | F2: 15 | G2: =IF(F2=0,0,F2*E2) -> 20.625
A3: 03000 | B3: =VLOOKUP(A3,БАЗА!A:F,2,0) -> Комплектовка и упаковка стандартных секций на поддон | C3: =VLOOKUP(A3,БАЗА!A:G,3,0) -> подддон | D3: =VLOOKUP(A3,БАЗА!A:G,5,0) -> 1.26 | E3: =VLOOKUP(A3,БАЗА!A:G,6,0) -> 0.79365079 | F3: 1 | G3: =IF(F3=0,0,F3*E3) -> 0.79365079
A4: 00004 | B4: =VLOOKUP(A4,БАЗА!A:F,2,0) -> Повременные работы. Сборка | C4: =VLOOKUP(A4,БАЗА!A:G,3,0) -> час | D4: =VLOOKUP(A4,БАЗА!A:G,5,0) -> 1 | E4: =VLOOKUP(A4,БАЗА!A:G,6,0) -> 1 | F4: 1 | G4: =IF(F4=0,0,F4*E4) -> 1
B5: =VLOOKUP(A5,БАЗА!A:F,2,0) -> #N/A | C5: =VLOOKUP(A5,БАЗА!A:G,3,0) -> #N/A | D5: =VLOOKUP(A5,БАЗА!A:G,5,0) -> #N/A | E5: =VLOOKUP(A5,БАЗА!A:G,6,0) -> #N/A | G5: =IF(F5=0,0,F5*E5) -> 0
B6: =VLOOKUP(A6,БАЗА!A:F,2,0) -> #N/A | C6: =VLOOKUP(A6,БАЗА!A:G,3,0) -> #N/A | D6: =VLOOKUP(A6,БАЗА!A:G,5,0) -> #N/A | E6: =VLOOKUP(A6,БАЗА!A:G,6,0) -> #N/A | G6: =IF(F6=0,0,F6*E6) -> 0
B7: =VLOOKUP(A7,БАЗА!A:F,2,0) -> #N/A | C7: =VLOOKUP(A7,БАЗА!A:G,3,0) -> #N/A | D7: =VLOOKUP(A7,БАЗА!A:G,5,0) -> #N/A | E7: =VLOOKUP(A7,БАЗА!A:G,6,0) -> #N/A | G7: =IF(F7=0,0,F7*E7) -> 0
B8: =VLOOKUP(A8,БАЗА!A:F,2,0) -> #N/A | C8: =VLOOKUP(A8,БАЗА!A:G,3,0) -> #N/A | D8: =VLOOKUP(A8,БАЗА!A:G,5,0) -> #N/A | E8: =VLOOKUP(A8,БАЗА!A:G,6,0) -> #N/A | G8: =IF(F8=0,0,F8*E8) -> 0
B9: =VLOOKUP(A9,БАЗА!A:F,2,0) -> #N/A | C9: =VLOOKUP(A9,БАЗА!A:G,3,0) -> #N/A | D9: =VLOOKUP(A9,БАЗА!A:G,5,0) -> #N/A | E9: =VLOOKUP(A9,БАЗА!A:G,6,0) -> #N/A | G9: =IF(F9=0,0,F9*E9) -> 0
B10: =VLOOKUP(A10,БАЗА!A:F,2,0) -> #N/A | C10: =VLOOKUP(A10,БАЗА!A:G,3,0) -> #N/A | D10: =VLOOKUP(A10,БАЗА!A:G,5,0) -> #N/A | E10: =VLOOKUP(A10,БАЗА!A:G,6,0) -> #N/A | G10: =IF(F10=0,0,F10*E10) -> 0
B11: =VLOOKUP(A11,БАЗА!A:F,2,0) -> #N/A | C11: =VLOOKUP(A11,БАЗА!A:G,3,0) -> #N/A | D11: =VLOOKUP(A11,БАЗА!A:G,5,0) -> #N/A | E11: =VLOOKUP(A11,БАЗА!A:G,6,0) -> #N/A | G11: =IF(F11=0,0,F11*E11) -> 0
B12: =VLOOKUP(A12,БАЗА!A:F,2,0) -> #N/A | C12: =VLOOKUP(A12,БАЗА!A:G,3,0) -> #N/A | D12: =VLOOKUP(A12,БАЗА!A:G,5,0) -> #N/A | E12: =VLOOKUP(A12,БАЗА!A:G,6,0) -> #N/A | G12: =IF(F12=0,0,F12*E12) -> 0
B13: =VLOOKUP(A13,БАЗА!A:F,2,0) -> #N/A | C13: =VLOOKUP(A13,БАЗА!A:G,3,0) -> #N/A | D13: =VLOOKUP(A13,БАЗА!A:G,5,0) -> #N/A | E13: =VLOOKUP(A13,БАЗА!A:G,6,0) -> #N/A | G13: =IF(F13=0,0,F13*E13) -> 0
B14: =VLOOKUP(A14,БАЗА!A:F,2,0) -> #N/A | C14: =VLOOKUP(A14,БАЗА!A:G,3,0) -> #N/A | D14: =VLOOKUP(A14,БАЗА!A:G,5,0) -> #N/A | E14: =VLOOKUP(A14,БАЗА!A:G,6,0) -> #N/A | G14: =IF(F14=0,0,F14*E14) -> 0
B15: =VLOOKUP(A15,БАЗА!A:F,2,0) -> #N/A | C15: =VLOOKUP(A15,БАЗА!A:G,3,0) -> #N/A | D15: =VLOOKUP(A15,БАЗА!A:G,5,0) -> #N/A | E15: =VLOOKUP(A15,БАЗА!A:G,6,0) -> #N/A | G15: =IF(F15=0,0,F15*E15) -> 0
B16: =VLOOKUP(A16,БАЗА!A:F,2,0) -> #N/A | C16: =VLOOKUP(A16,БАЗА!A:G,3,0) -> #N/A | D16: =VLOOKUP(A16,БАЗА!A:G,5,0) -> #N/A | E16: =VLOOKUP(A16,БАЗА!A:G,6,0) -> #N/A | G16: =IF(F16=0,0,F16*E16) -> 0
... B23: =VLOOKUP(A23,БАЗА!A:F,2,0) -> #N/A | C23: =VLOOKUP(A23,БАЗА!A:G,3,0) -> #N/A | D23: =VLOOKUP(A23,БАЗА!A:G,5,0) -> #N/A | E23: =VLOOKUP(A23,БАЗА!A:G,6,0) -> #N/A | G23: =IF(F23=0,0,F23*E23) -> 0
A24: Итого (ощее число) | G24: =SUM(G2:G23) -> 22.418651
A25: Итого (на каждого, если двое) | G25: =G24/2 -> 11.209325

Sheet Последние изменения
B1: Изменения относительно предыдущей версии
A2: КОД | B2: Описание | C2: Измеритель | D2: Кол-во исп. | E2: Норма в час (н. в см./11) | F2: Трудоем-кость, чел/час | G2: Норма выраб.за смену, шт | H2: Штучно-калькуляционное время, мин
B3: Гибка стандартного и нестандартного угла
A4: 11063 | B4: Г Кр CD. Гибка крышки пакета стандартного и нестандартного горизонтального угла (1 пакет шин) | C4: крышка | E4: 21.6 | F4: 0.046296296 | G4: 237.6 | H4: 2.5252525
A5: 11064 | B5: Г Пк CD. Гибка полукорпуса пакета стандартного и нестандартного горизонтального угла (1 пакет шин) | C5: полукорпус | E5: 21.6 | F5: 0.046296296 | G5: 237.6 | H5: 2.5252525
A6: 11065 | B6: Г Кр CP. Гибка крышки пакета стандартного и нестандартного вертикального угла (1 пакет шин) | C6: крышка | E6: 21.6 | F6: 0.046296296 | G6: 237.6 | H6: 2.5252525
A7: 11066 | B7: Г Пк CP. Гибка полукорпуса пакета стандартного и нестандартного вертикального угла (1 пакет шин) | C7: полукорпус | E7: 21.6 | F7: 0.046296296 | G7: 237.6 | H7: 2.5252525
B8: Изготовление гибкой шины плетеной KLM-C, подготовительные операции. | D8: 1
A9: 40111 | B9: ГШП 1.11.1.М Лужение зачищенной контактной площадки (без косички) ширина до 100 мм | C9: шт | E9: 18.181818 | F9: 0.055 | G9: 200 | H9: 3
A10: 40112 | B10: ГШП 1.12.1.Б Лужение зачищенной контактной площадки (без косички) ширина более 100 мм | C10: шт | E10: 13.636364 | F10: 0.073333333 | G10: 150 | H10: 4
A11: 40115 | B11: Лужение зачищенных контактных площадок. (для ЯОМ) | C11: шт | D11: 1 | E11: 27.272727 | F11: 0.036666667 | G11: 300 | H11: 2
B12: Z,P-модуль магистрального шинопровода:
A13: 11003 | B13: Г Кр ZD. Гибка крышки пакета стандартного и нестандартного горизонтального Z модуля (1 пакет шин) | C13: крышка | E13: 10.363636 | F13: 0.096491228 | G13: 114 | H13: 5.2631579
A14: 11004 | B14: Г Пк ZD. Гибка полукорпуса пакета стандартного и нестандартного горизонтального Z модуля (1 пакет шин) | C14: полукорпус | E14: 10.363636 | F14: 0.096491228 | G14: 114 | H14: 5.2631579
A15: 11005 | B15: Г Кр ZP. Гибка крышки пакета стандартного и нестандартного вертикального Z модуля (1 пакет шин) | C15: крышка | E15: 10.363636 | F15: 0.096491228 | G15: 114 | H15: 5.2631579
A16: 11006 | B16: Г Пк ZP. Гибка полукорпуса пакета стандартного и нестандартного вертикального Z модуля (1 пакет шин) | C16: полукорпус | E16: 10.363636 | F16: 0.096491228 | G16: 114 | H16: 5.2631579
B17: Лазерная сварка Al шин (без расходных материалов)
A18: 01642 | B18: MAX .Сварка Al шин толщинойс двух сторон (с переворотом). Ширина шин 30-65 мм, | C18: шов | D18: 1 | E18: 25 | F18: 0.04 | G18: 275 | H18: 2
A19: 01643 | B19: MAX .Сварка Al шин толщинойс двух сторон (с переворотом). Ширина шин 75-100 мм, | C19: шов | D19: 1 | E19: 20.833333 | F19: 0.048 | G19: 229.16667 | H19: 2.4
A20: 01644 | B20: MAX .Сварка Al шин толщинойс двух сторон (с переворотом). Ширина шин 130 мм, | C20: шов | D20: 1 | E20: 13.888889 | F20: 0.072 | G20: 152.77778 | H20: 3.6
A21: 01645 | B21: MAX .Сварка Al шин толщинойс двух сторон (с переворотом). Ширина шин 160 мм, | C21: шов | D21: 1 | E21: 10.416667 | F21: 0.096 | G21: 114.58333 | H21: 4.8
A22: 01646 | B22: MAX .Сварка Al шин толщинойс двух сторон (с переворотом). Ширина шин 200 мм, | C22: шов | D22: 1 | E22: 8.3333333 | F22: 0.12 | G22: 91.666667 | H22: 6
B23: Обработка КША после сварки (с помощью УШМ)
A24: 01652 | B24: Обработка КША после сварки. Шины равны по ширине пакету. (2 шва на 1 КША). | C24: шов | D24: 1 | E24: 8.9393939 | F24: 0.11186441 | G24: 98.333333 | H24: 6
A25: 01653 | B25: Обработка КША после сварки. Шины не равны по ширине пакету. (2 шва на 1 КША). | C25: шов | D25: 1 | E25: 6.7045455 | F25: 0.14915254 | G25: 73.75 | H25: 8
B26: Резка боковин под прямым углом | F26: #DIV/0!
A27: 01430 | B27: Y. РПБ 53 FE. Резка боковин из Al профиля стандартной длины (3 метра), высотой 53 мм. Зачистка торцов от заусенцев, . Снятие фаски (и краски) на наружных углах ручным шабером. | C27: шт | D27: 1 | E27: 28.06558 | F27: 0.035630833 | G27: 308.72138 | H27: 1.9435
A28: 01431 | B28: Y. РПБ 53 FE-S. Резка боковин из Al профиля Нестандартной длины (3 метра), высотой 53 мм. Зачистка торцов от заусенцев. | C28: шт | D28: 1 | E28: 25.518341 | F28: 0.0391875 | G28: 280.70175 | H28: 2.1375
A29: 01432 | B29: Y. РПБ 68 FE. Резка боковин из Al профиля стандартной длины (3 метра), высотой 68 мм. Зачистка торцов от заусенцев, . Снятие фаски (и краски) на наружных углах ручным шабером. | C29: шт | D29: 1 | E29: 26.719631 | F29: 0.037425667 | G29: 293.91594 | H29: 2.0414
A30: 01433 | B30: Y. РПБ 68 FE-S. Резка боковин из Al профиля Нестандартной длины (3 метра), высотой 68 мм. Зачистка торцов от заусенцев. | C30: шт | D30: 1 | E30: 24.350649 | F30: 0.041066667 | G30: 267.85714 | H30: 2.24
A31: 01434 | B31: Y. РПБ 78 FE. Резка боковин из Al профиля стандартной длины (3 метра), высотой 78 мм. Зачистка торцов от заусенцев, . Снятие фаски (и краски) на наружных углах ручным шабером. | C31: шт | D31: 1 | E31: 24.653313 | F31: 0.0405625 | G31: 271.18644 | H31: 2.2125
A32: 01435 | B32: Y. РПБ 78 FE-S. Резка боковин из Al профиля Нестандартной длины (3 метра), высотой 78 мм. Зачистка торцов от заусенцев. | C32: шт | D32: 1 | E32: 22.57209 | F32: 0.0443025 | G32: 248.29299 | H32: 2.4165
A33: 01436 | B33: Y. РПБ 103 FE. Резка боковин из Al профиля стандартной длины (3 метра), высотой 103 мм. Зачистка торцов от заусенцев, . Снятие фаски (и краски) на наружных углах ручным шабером. | C33: шт | D33: 1 | E33: 22.116256 | F33: 0.04521561 | G33: 243.27881 | H33: 2.466306
A34: 01437 | B34: Y. РПБ 103 FE-S. Резка боковин из Al профиля Нестандартной длины (3 метра), высотой 103 мм. Зачистка торцов от заусенцев. | C34: шт | D34: 1 | E34: 20.539043 | F34: 0.04868776 | G34: 225.92947 | H34: 2.655696
A35: 01438 | B35: Y. РПБ 133 FE. Резка боковин из Al профиля стандартной длины (3 метра), высотой 133 мм. Зачистка торцов от заусенцев, . Снятие фаски (и краски) на наружных углах ручным шабером. | C35: шт | D35: 1 | E35: 21.638067 | F35: 0.04621485 | G35: 238.01873 | H35: 2.52081
A36: 01439 | B36: Y. РПБ 133 FE-S. Резка боковин из Al профиля Нестандартной длины (3 метра), высотой 133 мм. Зачистка торцов от заусенцев. | C36: шт | D36: 1 | E36: 20.099705 | F36: 0.049751973 | G36: 221.09676 | H36: 2.713744
A37: 01440 | B37: Y. РПБ 163 FE. Резка боковин из Al профиля стандартной длины (3 метра), высотой 163 мм. Зачистка торцов от заусенцев, . Снятие фаски (и краски) на наружных углах ручным шабером. | C37: шт | D37: 1 | E37: 16.669571 | F37: 0.059989545 | G37: 183.36528 | H37: 3.272157
A38: 01441 | B38: Y. РПБ 163 FE-S. Резка боковин из Al профиля Нестандартной длины (3 метра), высотой 163 мм. Зачистка торцов от заусенцев. | C38: шт | D38: 1 | E38: 15.206512 | F38: 0.0657613 | G38: 167.27163 | H38: 3.58698
... A40: 01443 | B40: Y. РПБ 203 FE-S. Резка боковин из Al профиля Нестандартной длины (3 метра), высотой 203 мм. Зачистка торцов от заусенцев. | C40: шт | D40: 1 | E40: 11.264509 | F40: 0.0887744 | G40: 123.9096 | H40: 4.84224
B41: Крышки для автоматической сборочной линии
A42: 01830 | B42: HF. Кр. НАР. Дополнительное время (за пределами фрезеровки следующей детали) на зачистку краски с контактных зон наружных крашеных крышек (под брусок) для автоматической линии. | C42: изделие | D42: 1 | E42: 109.09091 | F42: 0.0091666667 | G42: 1200 | H42: 0.5
A43: 01833 | B43: HF. Кр НАР. Резка и сверление отверстий в крышках 140 мм под предв. стяжку, длиной 2-2,5 м. Зачистка по образцу. Для авт. сбор. лин. | C43: шт. | D43: 1 | E43: 24.793388 | F43: 0.040333333 | G43: 272.72727 | H43: 2.2
A44: 01834 | B44: HF. Кр НАР. Резка и сверление отверстий в крышках 140 мм под предв. стяжку, длиной 2,5-3 м. Зачистка по образцу. Для авт. сбор. лин. | C44: шт. | D44: 1 | E44: 21.818182 | F44: 0.045833333 | G44: 240 | H44: 2.5
A45: 01831 | B45: HF. Кр ВНУТ. Резка и сверление отверстий в крышках 140 мм под предв. стяжку, длиной 2-2,5 м. Зачистка по образцу. Для авт. сбор. лин. | C45: шт. | D45: 1 | E45: 20.524328 | F45: 0.048722667 | G45: 225.76761 | H45: 2.6576
A46: 01832 | B46: HF. Кр ВНУТ. Резка и сверление отверстий в крышках 140 мм под предв. стяжку, длиной 2,5-3 м. Зачистка по образцу. Для авт. сбор. лин. | C46: шт. | D46: 1 | E46: 18.061409 | F46: 0.055366667 | G46: 198.6755 | H46: 3.02
B47: Напыление шин для стыков V3 (2 контактные зоны по 30 мм)
A48: 00720 | B48: НАП. Шина 670. G5000. | C48: шт | D48: 1 | E48: 23.181818 | F48: 0.043137255 | G48: 255 | H48: 2.3137255
A49: 00721 | B49: НАП. Шина 760. GF5000. | C49: шт | D49: 1 | E49: 20.909091 | F49: 0.047826087 | G49: 230 | H49: 2.5652174
A50: 00722 | B50: НАП. Шина 790. G6300. | C50: шт | D50: 1 | E50: 19.545455 | F50: 0.051162791 | G50: 215 | H50: 2.744186
A51: 00723 | B51: НАП. Шина 880. GF6300. | C51: шт | D51: 1 | E51: 18.181818 | F51: 0.055 | G51: 200 | H51: 2.95
B52: Сборка секций литого шинопровода (IP68).
A53: 02402 | B53: ПФЛ-1. FE-S1. 100-800 А. Сборка корпуса прямой секции ЛШП, присоединение 2 боковин к нижней крышке посредством герметика и заклепок/руч. клинчинга. | C53: шт | D53: 1 | E53: 7.4529621 | F53: 0.13417484 | G53: 81.982583 | H53: 7.3186276
A54: 02403 | B54: ПФЛ-1. FE-S2. 100-800 А. Сборка корпуса прямой секции ЛШП, присоединение 2 боковин к нижней крышке посредством герметика и заклепок/руч. клинчинга. | C54: шт | D54: 1 | E54: 3.1313259 | F54: 0.31935354 | G54: 34.444585 | H54: 17.419284
A55: 02404 | B55: ПФЛ-1. FE-S3. 100-800 А. Сборка корпуса прямой секции ЛШП, присоединение 2 боковин к нижней крышке посредством герметика и заклепок/руч. клинчинга. | C55: шт | D55: 1 | E55: 2.6515152 | F55: 0.37714286 | G55: 29.166667 | H55: 20.571429
A56: 02405 | B56: ПФЛ-1.FE- S1. 1000-2000 А. Сборка корпуса прямой секции ЛШП, присоединение 2 боковин к нижней крышке посредством герметика и заклепок/руч. клинчинга. | C56: шт | D56: 1 | E56: 6.5986448 | F56: 0.15154627 | G56: 72.585093 | H56: 8.2661601
A57: 02406 | B57: ПФЛ-1. FE-S2. 1000-2000 А. Сборка корпуса прямой секции ЛШП, присоединение 2 боковин к нижней крышке посредством герметика и заклепок/руч. клинчинга. | C57: шт | D57: 1 | E57: 2.7138158 | F57: 0.36848485 | G57: 29.851974 | H57: 20.099174
A58: 02407 | B58: ПФЛ-1. FE-S3. 1000-2000 А. Сборка корпуса прямой секции ЛШП, присоединение 2 боковин к нижней крышке посредством герметика и заклепок/руч. клинчинга. | C58: шт | D58: 1 | E58: 2.3358051 | F58: 0.42811791 | G58: 25.693856 | H58: 23.351886
A59: 02420 | B59: ПФЛ-2. FE-S1. 100-800 А. Сборка прямой секции ЛШП, сборка пакета шин, выравнивание, установка в корпус, монтаж комплекта временной оснастки (стяжки, изоляторы, заглушки). | C59: шт | D59: 1 | E59: 2.8708134 | F59: 0.34833333 | G59: 31.578947 | H59: 19
A60: 02421 | B60: ПФЛ-2. FE-S2. 100-800 А. Сборка прямой секции ЛШП, сборка пакета шин, выравнивание, установка в корпус, монтаж комплекта временной оснастки (стяжки, изоляторы, заглушки). | C60: шт | D60: 1 | E60: 2.208318 | F60: 0.45283333 | G60: 24.291498 | H60: 24.7
A61: 02422 | B61: ПФЛ-2. FE-S3. 100-800 А. Сборка прямой секции ЛШП, сборка пакета шин, выравнивание, установка в корпус, монтаж комплекта временной оснастки (стяжки, изоляторы, заглушки). | C61: шт | D61: 1 | E61: 1.7942584 | F61: 0.55733333 | G61: 19.736842 | H61: 30.4
A62: 02423 | B62: ПФЛ-2.FE-S1. 1000-2000 А. Сборка прямой секции ЛШП, сборка пакета шин, выравнивание, установка в корпус, монтаж комплекта временной оснастки (стяжки, изоляторы, заглушки). | C62: шт | D62: 1 | E62: 1.9138756 | F62: 0.5225 | G62: 21.052632 | H62: 28.5
A63: 02424 | B63: ПФЛ-2. FE-S2. 1000-2000 А. Сборка прямой секции ЛШП, сборка пакета шин, выравнивание, установка в корпус, монтаж комплекта временной оснастки (стяжки, изоляторы, заглушки). | C63: шт | D63: 1 | E63: 1.4354067 | F63: 0.69666667 | G63: 15.789474 | H63: 38
A64: 02425 | B64: ПФЛ-2. FE-S3. 1000-2000 А. Сборка прямой секции ЛШП, сборка пакета шин, выравнивание, установка в корпус, монтаж комплекта временной оснастки (стяжки, изоляторы, заглушки). | C64: шт | D64: 1 | E64: 1.2057416 | F64: 0.82936508 | G64: 13.263158 | H64: 45.238095
... A70: 02465 | B70: ПФЛ3 → ГП. FE-S3. 1000-2000А. Сборка пакета прямой секции ЛШП. Снятие комплекта стяжек. | C70: шт | D70: 1 | E70: 1.507177 | F70: 0.66349206 | G70: 16.578947 | H70: 36.190476
B71: Зачистка шин и сварных швов (УШМ, абразивная губка, напильник)
A72: 01463 | B72: Фрезеровка сварных швов на фрез. станкке с 2-х сторон. Шина шириной до 99 мм. Для Сu шин, или Al шин толщиной 8-10 мм. | C72: шов | D72: 1 | E72: 15.661017 | F72: 0.063852814 | G72: 172.27119 | H72: 3.6
A73: 01464 | B73: Фрезеровка сварных швов на фрез станкес 2-х сторон. Шина шириной 100 мм. Для Сu шин, или Al шин толщиной 8-10 мм. | C73: шов | D73: 1 | E73: 10.962712 | F73: 0.091218306 | G73: 120.58983 | H73: 4
A74: 01465 | B74: Фрезеровка сварных швов на фрез станкес 2-х сторон. Шина шириной 130 мм. Для Сu шин, или Al шин толщиной 8-10 мм. | C74: шов | E74: 12.121212 | F74: 0.0825 | G74: 133.33333 | H74: 4.5
A75: 01466 | B75: Фрезеровка сварных швов на фрез станкес 2-х сторон. Шина шириной 160 мм. Для Сu шин, или Al шин толщиной 8-10 мм. | C75: шов | E75: 10.909091 | F75: 0.091666667 | G75: 120 | H75: 5
A76: 01467 | B76: Фрезеровка сварных швов на фрез станке с 2-х сторон. Шина шириной 200 мм. Для Сu шин, или Al шин толщиной 8-10 мм. | C76: шов | D76: 1 | E76: 9.0909091 | F76: 0.11 | G76: 100 | H76: 6
