Workbook

Sheet Стандартные размеры KLM-S
A1: Габаритные размеры шинопровода KLM-S, IP55 конструктива 13/V3
D3: Таблица размеров и масс
D4: Секция угловая горизонтальная FE
D5: Рекомендуемая кратность шага
D6: Шаг L1 = | G6: 10 мм.
A8: Номинальный ток | B8: 4р | N8: 5р
B9: алюминий | H9: медь | N9: алюминий | T9: медь
B10: H, мм | C10: W, мм | D10: Шина | G10: Масса, кг пог/м | H10: H, мм | I10: W, мм | J10: Шина | M10: Масса, кг пог/м | N10: H, мм | O10: W, мм | P10: Шина | S10: Масса, кг пог/м | T10: H, мм | U10: W, мм | V10: Шина | Y10: Масса, кг пог/м
D11: Кол-во, шт | E11: Высота | F11: Толщина | J11: Кол-во, шт | K11: Высота | L11: Толщина | P11: Кол-во, шт | Q11: Высота | R11: Толщина | V11: Кол-во, шт | W11: Высота | X11: Толщина
A12: 160 | B12: =E12+18+18+3 -> 69 | C12: 140 | D12: 1 | E12: 30 | F12: 6 | G12: 7.5 | H12: =K12+18+18+3 -> 69 | I12: 140 | J12: 1 | K12: 30 | L12: 6 | M12: 18.4 | N12: =B12 -> 69 | O12: =C12 -> 140 | P12: =D12 -> 1 | Q12: =E12 -> 30 | R12: =F12 -> 6 | S12: 8.7 | T12: =H12 -> 69 | U12: =C12 -> 140 | V12: =J12 -> 1 | W12: =K12 -> 30 | X12: =L12 -> 6 | Y12: 20.5
A13: 250 | B13: =E13+18+18+3 -> 69 | C13: 140 | D13: 1 | E13: 30 | F13: 6 | G13: 7.5 | H13: =K13+18+18+3 -> 69 | I13: 140 | J13: 1 | K13: 30 | L13: 6 | M13: 18.4 | N13: =B13 -> 69 | O13: =C13 -> 140 | P13: =D13 -> 1 | Q13: =E13 -> 30 | R13: =F13 -> 6 | S13: 8.7 | T13: =H13 -> 69 | U13: =C13 -> 140 | V13: =J13 -> 1 | W13: =K13 -> 30 | X13: =L13 -> 6 | Y13: 20.5
A14: 315 | B14: =E14+18+18+3 -> 69 | C14: 140 | D14: 1 | E14: 30 | F14: 6 | G14: 7.5 | H14: =K14+18+18+3 -> 69 | I14: 140 | J14: 1 | K14: 30 | L14: 6 | M14: 18.4 | N14: =B14 -> 69 | O14: =C14 -> 140 | P14: =D14 -> 1 | Q14: =E14 -> 30 | R14: =F14 -> 6 | S14: 8.7 | T14: =H14 -> 69 | U14: =C14 -> 140 | V14: =J14 -> 1 | W14: =K14 -> 30 | X14: =L14 -> 6 | Y14: 20.5
A15: 400 | B15: =E15+18+18+3 -> 69 | C15: 140 | D15: 1 | E15: 30 | F15: 6 | G15: 7.5 | H15: =K15+18+18+3 -> 69 | I15: 140 | J15: 1 | K15: 30 | L15: 6 | M15: 18.4 | N15: =B15 -> 69 | O15: =C15 -> 140 | P15: =D15 -> 1 | Q15: =E15 -> 30 | R15: =F15 -> 6 | S15: 8.7 | T15: =H15 -> 69 | U15: =C15 -> 140 | V15: =J15 -> 1 | W15: =K15 -> 30 | X15: =L15 -> 6 | Y15: 20.5
A16: 500 | B16: =E16+18+18+3 -> 79 | C16: 140 | D16: 1 | E16: 40 | F16: 6 | G16: 7.5 | H16: =K16+18+18+3 -> 69 | I16: 140 | J16: 1 | K16: 30 | L16: 6 | M16: 18.4 | N16: =B16 -> 79 | O16: =C16 -> 140 | P16: =D16 -> 1 | Q16: =E16 -> 40 | R16: =F16 -> 6 | S16: =G16 -> 7.5 | T16: =H16 -> 69 | U16: =I16 -> 140 | ... Y16: =M16 -> 18.4
A17: 630 | B17: =E17+18+18+3 -> 89 | C17: 140 | D17: 1 | E17: 50 | F17: 6 | G17: 9.4 | H17: =K17+18+18+3 -> 79 | I17: =C17 -> 140 | J17: 1 | K17: 40 | L17: 6 | M17: 20.6 | N17: =B17 -> 89 | O17: =C17 -> 140 | P17: =D17 -> 1 | Q17: =E17 -> 50 | R17: =F17 -> 6 | S17: 10.9 | T17: =H17 -> 79 | U17: =C17 -> 140 | V17: =J17 -> 1 | W17: =K17 -> 40 | X17: =L17 -> 6 | Y17: 23
A18: 800 | B18: =E18+18+18+3 -> 104 | C18: =C17 -> 140 | D18: 1 | E18: 65 | F18: 6 | G18: 10.7 | H18: =K18+18+18+3 -> 99 | I18: =C18 -> 140 | J18: 1 | K18: 60 | L18: =L17 -> 6 | M18: 20.6 | N18: =B18 -> 104 | O18: =C18 -> 140 | P18: =D18 -> 1 | Q18: =E18 -> 65 | R18: =F18 -> 6 | S18: 12.3 | T18: =H18 -> 99 | U18: =C18 -> 140 | V18: =J18 -> 1 | W18: =K18 -> 60 | X18: =L18 -> 6 | Y18: 23
A19: 1000 | B19: =E19+18+18+3 -> 139 | C19: =C18 -> 140 | D19: 1 | E19: 100 | F19: 6 | G19: 12.9 | H19: =K19+18+18+3 -> 104 | I19: =C19 -> 140 | J19: 1 | K19: 65 | L19: =L18 -> 6 | M19: 22.6 | N19: =B19 -> 139 | O19: =C19 -> 140 | P19: =D19 -> 1 | Q19: =E19 -> 100 | R19: =F19 -> 6 | S19: 13.7 | T19: =H19 -> 104 | U19: =C19 -> 140 | V19: =J19 -> 1 | W19: =K19 -> 65 | X19: =L19 -> 6 | Y19: 25.6
A20: 1250 | B20: =E20+18+18+3 -> 169 | C20: =C19 -> 140 | D20: 1 | E20: 130 | F20: 6 | G20: 15.9 | H20: =K20+18+18+3 -> 119 | I20: =C20 -> 140 | J20: 1 | K20: 80 | L20: =L19 -> 6 | M20: 25.6 | N20: =B20 -> 169 | O20: =C20 -> 140 | P20: =D20 -> 1 | Q20: =E20 -> 130 | R20: =F20 -> 6 | S20: 18.8 | T20: =H20 -> 119 | U20: =C20 -> 140 | V20: 1 | W20: =K20 -> 80 | X20: =L20 -> 6 | Y20: 28.6
A21: 1600 | B21: =E21+18+18+3 -> 199 | C21: =C20 -> 140 | D21: 1 | E21: 160 | F21: 6 | G21: 19.4 | H21: =K21+18+18+3 -> 139 | I21: =C21 -> 140 | J21: 1 | K21: 100 | L21: =L20 -> 6 | M21: 30.9 | N21: =B21 -> 199 | O21: =C21 -> 140 | P21: =D21 -> 1 | Q21: =E21 -> 160 | R21: =F21 -> 6 | S21: 23.1 | T21: =H21 -> 139 | U21: =C21 -> 140 | V21: 1 | W21: =K21 -> 100 | X21: =L21 -> 6 | Y21: 36.9
A22: 2000 | B22: =E22+18+18+3 -> 239 | C22: =C21 -> 140 | D22: 1 | E22: 200 | F22: 6 | G22: 23.3 | H22: =K22+18+18+3 -> 199 | I22: =C22 -> 140 | J22: 1 | K22: 160 | L22: =L21 -> 6 | M22: 38.8 | N22: =B22 -> 239 | O22: =C22 -> 140 | P22: =D22 -> 1 | Q22: =E22 -> 200 | R22: =F22 -> 6 | S22: 27.5 | T22: =H22 -> 199 | U22: =C22 -> 140 | V22: 1 | W22: =K22 -> 160 | X22: =L22 -> 6 | Y22: 46.8
A23: 2500 | B23: =(E23*D23)+18+18+(3*D23)+(3*D23)+40 -> 348 | C23: =C22 -> 140 | D23: 2 | E23: 130 | F23: 6 | G23: 33.66 | H23: =K23+18+18+3 -> 239 | I23: =C23 -> 140 | J23: 1 | K23: 200 | L23: =L22 -> 6 | M23: 46.6 | N23: =B23 -> 348 | O23: =C23 -> 140 | P23: =D23 -> 2 | Q23: =E23 -> 130 | R23: =F23 -> 6 | S23: 39.3 | T23: =H23 -> 239 | U23: =C23 -> 140 | V23: 1 | W23: =K23 -> 200 | X23: =L23 -> 6 | Y23: 49.8
A24: 3200 | B24: =(E24*D24)+18+18+(3*D24)+(3*D24)+40 -> 408 | C24: =C23 -> 140 | D24: 2 | E24: 160 | F24: 6 | G24: 39.5 | H24: =(K24*J24)+18+18+(3*J24)+(3*J24)+40 -> 348 | I24: =C24 -> 140 | J24: 2 | K24: 130 | L24: =L23 -> 6 | M24: 62.6 | N24: =B24 -> 408 | O24: =C24 -> 140 | P24: =D24 -> 2 | Q24: =E24 -> 160 | R24: =F24 -> 6 | S24: 46.3 | T24: =H24 -> 348 | U24: =C24 -> 140 | V24: =J24 -> 2 | W24: =K24 -> 130 | X24: =L24 -> 6 | Y24: 74.8
A25: 4000 | B25: =(E25*D25)+18+18+(3*D25)+(3*D25)+40 -> 488 | C25: =C24 -> 140 | D25: 2 | E25: 200 | F25: 6 | G25: 47.5 | H25: =(K25*J25)+18+18+(3*J25)+(3*J25)+40 -> 408 | I25: =C25 -> 140 | J25: 2 | K25: 160 | L25: =L24 -> 6 | M25: 93.9 | N25: =B25 -> 488 | O25: =C25 -> 140 | P25: =D25 -> 2 | Q25: =E25 -> 200 | R25: =F25 -> 6 | S25: 55.3 | T25: =H25 -> 408 | U25: =C25 -> 140 | V25: =J25 -> 2 | W25: =K25 -> 160 | X25: =L25 -> 6 | Y25: 114.7
A26: 5000 | B26: =(E26*D26)+18+18+(3*6)+(3*D26)+(40*3) -> 706 | C26: =C25 -> 140 | D26: 4 | E26: 130 | F26: 6 | G26: 67.4 | H26: =(K26*J26)+18+18+(3*J26)+(3*J26)+40 -> 488 | I26: =C26 -> 140 | J26: 2 | K26: 200 | L26: =L25 -> 6 | M26: 124.6 | N26: =B26 -> 706 | O26: =C26 -> 140 | P26: =D26 -> 4 | Q26: =E26 -> 130 | R26: =F26 -> 6 | S26: 77.3 | T26: =H26 -> 488 | U26: =C26 -> 140 | V26: =J26 -> 2 | W26: =K26 -> 200 | X26: =L26 -> 6 | Y26: 152.6
A27: 6300 | B27: =(E27*D27)+18+18+(3*6)+(3*D27)+(40*3) -> 826 | C27: =C26 -> 140 | D27: 4 | E27: 160 | F27: 6 | G27: 74.7 | H27: =(K27*J27)+18+18+(3*4)+(3*J27)+40*2 -> 737 | I27: =C27 -> 140 | J27: 3 | K27: 200 | L27: =L26 -> 6 | M27: 156.1 | N27: =B27 -> 826 | O27: =C27 -> 140 | P27: =D27 -> 4 | Q27: =E27 -> 160 | R27: =F27 -> 6 | S27: 90.7 | T27: =H27 -> 737 | U27: =C27 -> 140 | V27: =J27 -> 3 | W27: =K27 -> 200 | X27: =L27 -> 6 | Y27: 168.1
A28: *Pi (окна только на одной стороне секции) | B28: до 1000мм без окон окона отбора мощности
B29: от 1000-2000мм 1 оконо отбора мощности
B30: 3000мм 2 окона отбора мощности
A34: Габаритные размеры шинопровода KLM-S, IP68 конструктива 13/V3
D36: Таблица размеров и масс
D37: Секция угловая горизонтальная FE
D38: Рекомендуемая кратность шага
D39: Шаг L1 = | G39: 10 мм.
A41: Номинальный ток | B41: 4р | N41: 5р
B42: алюминий | H42: медь | N42: алюминий | T42: медь
B43: H, мм | C43: W, мм | D43: Шина | G43: Масса, кг пог/м | H43: H, мм | I43: W, мм | J43: Шина | M43: Масса, кг пог/м | N43: H, мм | O43: W, мм | P43: Шина | S43: Масса, кг пог/м | T43: H, мм | U43: W, мм | V43: Шина | Y43: Масса, кг пог/м
D44: Кол-во, шт | E44: Высота | F44: Толщина | J44: Кол-во, шт | K44: Высота | L44: Толщина | P44: Кол-во, шт | Q44: Высота | R44: Толщина | V44: Кол-во, шт | W44: Высота | X44: Толщина
A45: 160 | B45: =E45+16.5+16.5+6 -> 69 | C45: 140 | D45: 1 | E45: 30 | F45: 6 | H45: =K45+18+18+3 -> 69 | I45: 140 | J45: 1 | K45: 30 | L45: 6 | N45: =B45 -> 69 | O45: =C45 -> 140 | P45: =D45 -> 1 | Q45: =E45 -> 30 | R45: =F45 -> 6 | T45: =H45 -> 69 | U45: =C45 -> 140 | V45: =J45 -> 1 | W45: =K45 -> 30 | X45: =L45 -> 6
A46: 250 | B46: =E46+16.5+16.5+6 -> 69 | C46: 140 | D46: 1 | E46: 30 | F46: 6 | H46: =K46+18+18+3 -> 69 | I46: 140 | J46: 1 | K46: 30 | L46: 6 | N46: =B46 -> 69 | O46: =C46 -> 140 | P46: =D46 -> 1 | Q46: =E46 -> 30 | R46: =F46 -> 6 | T46: =H46 -> 69 | U46: =C46 -> 140 | V46: =J46 -> 1 | W46: =K46 -> 30 | X46: =L46 -> 6
A47: 315 | B47: =E47+16.5+16.5+6 -> 69 | C47: 140 | D47: 1 | E47: 30 | F47: 6 | H47: =K47+18+18+3 -> 69 | I47: 140 | J47: 1 | K47: 30 | L47: 6 | N47: =B47 -> 69 | O47: =C47 -> 140 | P47: =D47 -> 1 | Q47: =E47 -> 30 | R47: =F47 -> 6 | T47: =H47 -> 69 | U47: =C47 -> 140 | V47: =J47 -> 1 | W47: =K47 -> 30 | X47: =L47 -> 6
A48: 400 | B48: =E48+16.5+16.5+6 -> 69 | C48: 140 | D48: 1 | E48: 30 | F48: 6 | H48: =K48+18+18+3 -> 69 | I48: 140 | J48: 1 | K48: 30 | L48: 6 | N48: =B48 -> 69 | O48: =C48 -> 140 | P48: =D48 -> 1 | Q48: =E48 -> 30 | R48: =F48 -> 6 | T48: =H48 -> 69 | U48: =C48 -> 140 | V48: =J48 -> 1 | W48: =K48 -> 30 | X48: =L48 -> 6
A49: 500 | B49: =E49+16.5+16.5+6 -> 79 | C49: 140 | D49: 1 | E49: 40 | F49: 6 | H49: =K49+18+18+3 -> 69 | I49: 140 | J49: 1 | K49: 30 | L49: 6 | N49: =B49 -> 79 | O49: =C49 -> 140 | P49: =D49 -> 1 | Q49: =E49 -> 40 | R49: =F49 -> 6 | T49: =H49 -> 69 | U49: =C49 -> 140 | V49: =J49 -> 1 | W49: =K49 -> 30 | X49: =L49 -> 6
A50: 630 | B50: =E50+16.5+16.5+6 -> 89 | C50: 140 | D50: 1 | E50: 50 | F50: 6 | H50: =K50+18+18+3 -> 79 | I50: =C50 -> 140 | J50: 1 | K50: 40 | L50: 6 | N50: =B50 -> 89 | O50: =C50 -> 140 | P50: =D50 -> 1 | Q50: =E50 -> 50 | R50: =F50 -> 6 | T50: =H50 -> 79 | U50: =C50 -> 140 | V50: =J50 -> 1 | W50: =K50 -> 40 | X50: =L50 -> 6
A51: 800 | B51: =E51+16.5+16.5+6 -> 104 | C51: 140 | D51: 1 | E51: 65 | F51: 6 | H51: =K51+18+18+3 -> 99 | I51: =C51 -> 140 | J51: 1 | K51: 60 | L51: =L50 -> 6 | N51: =B51 -> 104 | O51: =C51 -> 140 | P51: =D51 -> 1 | Q51: =E51 -> 65 | R51: =F51 -> 6 | T51: =H51 -> 99 | U51: =C51 -> 140 | V51: =J51 -> 1 | W51: =K51 -> 60 | X51: =L51 -> 6
A52: 1000 | B52: =E52+16.5+16.5+6 -> 139 | C52: 140 | D52: 1 | E52: 100 | F52: 6 | H52: =K52+18+18+3 -> 104 | I52: =C52 -> 140 | J52: 1 | K52: 65 | L52: =L51 -> 6 | N52: =B52 -> 139 | O52: =C52 -> 140 | P52: =D52 -> 1 | Q52: =E52 -> 100 | R52: =F52 -> 6 | T52: =H52 -> 104 | U52: =C52 -> 140 | V52: =J52 -> 1 | W52: =K52 -> 65 | X52: =L52 -> 6
A53: 1250 | B53: =E53+16.5+16.5+6 -> 169 | C53: 140 | D53: 1 | E53: 130 | F53: 6 | H53: =K53+18+18+3 -> 119 | I53: =C53 -> 140 | J53: 1 | K53: 80 | L53: =L52 -> 6 | N53: =B53 -> 169 | O53: =C53 -> 140 | P53: =D53 -> 1 | Q53: =E53 -> 130 | R53: =F53 -> 6 | T53: =H53 -> 119 | U53: =C53 -> 140 | V53: 1 | W53: =K53 -> 80 | X53: =L53 -> 6
A54: 1600 | B54: =E54+16.5+16.5+6 -> 199 | C54: 140 | D54: 1 | E54: 160 | F54: 6 | H54: =K54+18+18+3 -> 139 | I54: =C54 -> 140 | J54: 1 | K54: 100 | L54: =L53 -> 6 | N54: =B54 -> 199 | O54: =C54 -> 140 | P54: =D54 -> 1 | Q54: =E54 -> 160 | R54: =F54 -> 6 | T54: =H54 -> 139 | U54: =C54 -> 140 | V54: 1 | W54: =K54 -> 100 | X54: =L54 -> 6
A55: 2000 | B55: =E55+16.5+16.5+6 -> 239 | C55: =C54 -> 140 | D55: 1 | E55: 200 | F55: 6 | H55: =K55+18+18+3 -> 199 | I55: =C55 -> 140 | J55: 1 | K55: 160 | L55: =L54 -> 6 | N55: =B55 -> 239 | O55: =C55 -> 140 | P55: =D55 -> 1 | Q55: =E55 -> 200 | R55: =F55 -> 6 | T55: =H55 -> 199 | U55: =C55 -> 140 | V55: 1 | W55: =K55 -> 160 | X55: =L55 -> 6
A56: 2500 | B56: =(E56*D56)+(16.5*4)+(3*4)+15 -> 353 | C56: =C55 -> 140 | D56: 2 | E56: 130 | F56: 6 | H56: =K56+18+18+3 -> 239 | I56: =C56 -> 140 | J56: 1 | K56: 200 | L56: =L55 -> 6 | N56: =B56 -> 353 | O56: =C56 -> 140 | P56: =D56 -> 2 | Q56: =E56 -> 130 | R56: =F56 -> 6 | T56: =H56 -> 239 | U56: =C56 -> 140 | V56: 1 | W56: =K56 -> 200 | X56: =L56 -> 6
A57: 3200 | B57: =(E57*D57)+(16.5*4)+(3*4)+15 -> 413 | C57: =C56 -> 140 | D57: 2 | E57: 160 | F57: 6 | H57: =(K57*J57)+18+18+(3*J57)+(3*J57)+40 -> 348 | I57: =C57 -> 140 | J57: 2 | K57: 130 | L57: =L56 -> 6 | N57: =B57 -> 413 | O57: =C57 -> 140 | P57: =D57 -> 2 | Q57: =E57 -> 160 | R57: =F57 -> 6 | T57: =H57 -> 348 | U57: =C57 -> 140 | V57: =J57 -> 2 | W57: =K57 -> 130 | X57: =L57 -> 6
A58: 4000 | B58: =(E58*D58)+(16.5*4)+(3*4)+15 -> 493 | C58: =C57 -> 140 | D58: 2 | E58: 200 | F58: 6 | H58: =(K58*J58)+18+18+(3*J58)+(3*J58)+40 -> 408 | I58: =C58 -> 140 | J58: 2 | K58: 160 | L58: =L57 -> 6 | N58: =B58 -> 493 | O58: =C58 -> 140 | P58: =D58 -> 2 | Q58: =E58 -> 200 | R58: =F58 -> 6 | T58: =H58 -> 408 | U58: =C58 -> 140 | V58: =J58 -> 2 | W58: =K58 -> 160 | X58: =L58 -> 6
A59: 5000 | B59: =(E59*D59)+(16.5*8)+(3*8)+(15*3) -> 721 | C59: =C58 -> 140 | D59: 4 | E59: 130 | F59: 6 | H59: =(K59*J59)+18+18+(3*J59)+(3*J59)+40 -> 488 | I59: =C59 -> 140 | J59: 2 | K59: 200 | L59: =L58 -> 6 | N59: =B59 -> 721 | O59: =C59 -> 140 | P59: =D59 -> 4 | Q59: =E59 -> 130 | R59: =F59 -> 6 | T59: =H59 -> 488 | U59: =C59 -> 140 | V59: =J59 -> 2 | W59: =K59 -> 200 | X59: =L59 -> 6
A60: 6300 | B60: =(E60*D60)+(16.5*8)+(3*8)+(15*3) -> 841 | C60: =C59 -> 140 | D60: 4 | E60: 160 | F60: 6 | H60: =(K60*J60)+18+18+(3*4)+(3*J60)+40*2 -> 737 | I60: =C60 -> 140 | J60: 3 | K60: 200 | L60: =L59 -> 6 | N60: =B60 -> 841 | O60: =C60 -> 140 | P60: =D60 -> 4 | Q60: =E60 -> 160 | R60: =F60 -> 6 | T60: =H60 -> 737 | U60: =C60 -> 140 | V60: =J60 -> 3 | W60: =K60 -> 200 | X60: =L60 -> 6
D63: Секция угловая горизонтальная CD
D64: Рекомендуемая кратность шага
D65: Шаг L1 = | G65: 50 мм.
D66: Шаг L2 = | G66: 50 мм.
A68: Номинальный ток | B68: 4р | H68: 5р
B69: алюминий | E69: медь | H69: алюминий | K69: медь
B70: L1, мм | C70: L2 | D70: Масса, кг/м | E70: L1, мм | F70: L2 | G70: Масса, кг/м | H70: L1, мм | I70: L2 | J70: Масса, кг/м | K70: L1, мм | L70: L2, мм | M70: Масса, кг/м
A71: =A12 -> 160 | B71: 435 | C71: 435 | E71: 435 | F71: 435 | H71: =B71 -> 435 | I71: =C71 -> 435 | K71: =E71 -> 435 | L71: =F71 -> 435
A72: =A13 -> 250 | B72: 435 | C72: 435 | E72: 435 | F72: 435 | H72: =B72 -> 435 | I72: =C72 -> 435 | K72: =E72 -> 435 | L72: =F72 -> 435
A73: =A14 -> 315 | B73: 435 | C73: 435 | E73: 435 | F73: 435 | H73: =B73 -> 435 | I73: =C73 -> 435 | K73: =E73 -> 435 | L73: =F73 -> 435
A74: =A15 -> 400 | B74: 435 | C74: 435 | E74: 435 | F74: 435 | H74: =B74 -> 435 | I74: =C74 -> 435 | K74: =E74 -> 435 | L74: =F74 -> 435
A75: =A16 -> 500 | B75: 435 | C75: 435 | E75: 435 | F75: 435 | H75: =B75 -> 435 | I75: =C75 -> 435 | K75: =E75 -> 435 | L75: =F75 -> 435
A76: =A17 -> 630 | B76: 435 | C76: 435 | E76: 435 | F76: 435 | H76: =B76 -> 435 | I76: =C76 -> 435 | K76: =E76 -> 435 | L76: =F76 -> 435
A77: =A18 -> 800 | B77: 435 | C77: 435 | E77: 435 | F77: 435 | H77: =B77 -> 435 | I77: =C77 -> 435 | K77: =E77 -> 435 | L77: =F77 -> 435
A78: =A19 -> 1000 | B78: 435 | C78: 435 | E78: 435 | F78: 435 | H78: =B78 -> 435 | I78: =C78 -> 435 | K78: =E78 -> 435 | L78: =F78 -> 435
A79: =A20 -> 1250 | B79: 435 | C79: 435 | E79: 435 | F79: 435 | H79: =B79 -> 435 | I79: =C79 -> 435 | K79: =E79 -> 435 | L79: =F79 -> 435
A80: =A21 -> 1600 | B80: 435 | C80: 435 | E80: 435 | F80: 435 | H80: =B80 -> 435 | I80: =C80 -> 435 | K80: =E80 -> 435 | L80: =F80 -> 435
A81: =A22 -> 2000 | B81: 435 | C81: 435 | E81: 435 | F81: 435 | H81: =B81 -> 435 | I81: =C81 -> 435 | K81: =E81 -> 435 | L81: =F81 -> 435
A82: =A23 -> 2500 | B82: 435 | C82: 435 | E82: 435 | F82: 435 | H82: =B82 -> 435 | I82: =C82 -> 435 | K82: =E82 -> 435 | L82: =F82 -> 435
... A86: =A27 -> 6300 | B86: 435 | C86: 435 | E86: 435 | F86: 435 | H86: =B86 -> 435 | I86: =C86 -> 435 | K86: =E86 -> 435 | L86: =F86 -> 435
D88: Секция угловая вертикальная СР
D89: Рекомендуемая кратность шага
D90: Шаг L1 = | G90: 50 мм.
D91: Шаг L2 = | G91: 50 мм.
A93: Номинальный ток | B93: 4р | H93: 5р
B94: алюминий | E94: медь | H94: алюминий | K94: медь
B95: L1, мм | C95: L2, мм | D95: Масса, кг/м | E95: L1, мм | F95: L2, мм | G95: Масса, кг/м | H95: L1, мм | I95: L2, мм | J95: Масса, кг/м | K95: L1, мм | L95: L2, мм | M95: Масса, кг/м
A96: =A12 -> 160 | B96: 300 | C96: =B96 -> 300 | E96: =B96 -> 300 | F96: =C96 -> 300 | H96: =B96 -> 300 | I96: =C96 -> 300 | K96: =E96 -> 300 | L96: =F96 -> 300
A97: =A13 -> 250 | B97: 300 | C97: =B97 -> 300 | E97: =B97 -> 300 | F97: =C97 -> 300 | H97: =B97 -> 300 | I97: =C97 -> 300 | K97: =E97 -> 300 | L97: =F97 -> 300
A98: =A14 -> 315 | B98: 300 | C98: =B98 -> 300 | E98: =B98 -> 300 | F98: =C98 -> 300 | H98: =B98 -> 300 | I98: =C98 -> 300 | K98: =E98 -> 300 | L98: =F98 -> 300
A99: =A15 -> 400 | B99: 300 | C99: =B99 -> 300 | E99: =B99 -> 300 | F99: =C99 -> 300 | H99: =B99 -> 300 | I99: =C99 -> 300 | K99: =E99 -> 300 | L99: =F99 -> 300
A100: =A16 -> 500 | B100: 300 | C100: =B100 -> 300 | E100: =B100 -> 300 | F100: =C100 -> 300 | H100: =B100 -> 300 | I100: =C100 -> 300 | K100: =E100 -> 300 | L100: =F100 -> 300
A101: =A17 -> 630 | B101: 300 | C101: =B101 -> 300 | E101: =B101 -> 300 | F101: =C101 -> 300 | H101: =B101 -> 300 | I101: =C101 -> 300 | K101: =E101 -> 300 | L101: =F101 -> 300
A102: =A18 -> 800 | B102: 300 | C102: =B102 -> 300 | E102: =B102 -> 300 | F102: =C102 -> 300 | H102: =B102 -> 300 | I102: =C102 -> 300 | K102: =E102 -> 300 | L102: =F102 -> 300
A103: =A19 -> 1000 | B103: 450 | C103: =B103 -> 450 | E103: =B102 -> 300 | F103: =E103 -> 300 | H103: =B103 -> 450 | I103: =C103 -> 450 | K103: =E103 -> 300 | L103: =F103 -> 300
A104: =A20 -> 1250 | B104: 450 | C104: =B104 -> 450 | E104: 450 | F104: =E104 -> 450 | H104: =B104 -> 450 | I104: =C104 -> 450 | K104: =E104 -> 450 | L104: =F104 -> 450
A105: =A21 -> 1600 | B105: 450 | C105: =B105 -> 450 | E105: =B103 -> 450 | F105: =E105 -> 450 | H105: =B105 -> 450 | I105: =C105 -> 450 | K105: =E105 -> 450 | L105: =F105 -> 450
A106: =A22 -> 2000 | B106: 450 | C106: =B106 -> 450 | E106: =B105 -> 450 | F106: =E106 -> 450 | H106: =B106 -> 450 | I106: =C106 -> 450 | K106: =E106 -> 450 | L106: =F106 -> 450
A107: =A23 -> 2500 | B107: 600 | C107: =B107 -> 600 | E107: =B106 -> 450 | F107: =E107 -> 450 | H107: =B107 -> 600 | I107: =C107 -> 600 | K107: =E107 -> 450 | L107: =F107 -> 450
A108: =A24 -> 3200 | B108: 650 | C108: =B108 -> 650 | E108: =B107 -> 600 | F108: =E108 -> 600 | H108: =B108 -> 650 | I108: =C108 -> 650 | K108: =E108 -> 600 | L108: =F108 -> 600
A109: =A25 -> 4000 | B109: 750 | C109: =B109 -> 750 | E109: 650 | F109: =E109 -> 650 | H109: =B109 -> 750 | I109: =C109 -> 750 | K109: =E109 -> 650 | L109: =F109 -> 650
A110: =A26 -> 5000 | B110: 950 | C110: =B110 -> 950 | E110: =B109 -> 750 | F110: =E110 -> 750 | H110: =B110 -> 950 | I110: =C110 -> 950 | K110: =E110 -> 750 | L110: =F110 -> 750
A111: =A27 -> 6300 | B111: 1100 | C111: =B111 -> 1100 | E111: 950 | F111: =E111 -> 950 | H111: =B111 -> 1100 | I111: =C111 -> 1100 | K111: =E111 -> 950 | L111: =F111 -> 950
D113: Секция Z-образная горизонтальная ZD
D114: Рекомендуемая кратность шага
D115: Шаг L1 = | G115: 50 мм
D116: Шаг L2 = | G116: 50 мм
...

Sheet Можно удалить 68
A1: Габаритные размеры шинопровода KLM-S с конструктива 13/V3
D3: Таблица размеров и масс
D4: Секция угловая горизонтальная FE
D5: Рекомендуемая кратность шага
D6: Шаг L1 = | G6: 10 мм.
A8: Номинальный ток | B8: 4р | N8: 5р
B9: алюминий | H9: медь | N9: алюминий | T9: медь
B10: H, мм | C10: W, мм | D10: Шина | G10: Масса, кг пог/м | H10: H, мм | I10: W, мм | J10: Шина | M10: Масса, кг пог/м | N10: H, мм | O10: W, мм | P10: Шина | S10: Масса, кг пог/м | T10: H, мм | U10: W, мм | V10: Шина | Y10: Масса, кг пог/м
D11: Кол-во, шт | E11: Высота | F11: Толщина | J11: Кол-во, шт | K11: Высота | L11: Толщина | P11: Кол-во, шт | Q11: Высота | R11: Толщина | V11: Кол-во, шт | W11: Высота | X11: Толщина
A12: 160
A13: 250
A14: 400
A15: 630 | B15: =E15+16.5+16.5+6 -> 89 | C15: ='Стандартные размеры KLM-S'!C17 -> 140 | D15: 1 | E15: ='Стандартные размеры KLM-S'!E17 -> 50 | F15: ='Стандартные размеры KLM-S'!F17 -> 6 | G15: 23.2 | H15: =K15+16.5+16.5+6 -> 79 | I15: =C15 -> 140 | J15: 1 | K15: ='[1]Стандартные размеры'!K18 -> 40 | L15: 6 | M15: 28.9 | N15: =B15 -> 89 | O15: =C15 -> 140 | P15: 1 | Q15: =E15 -> 50 | R15: =F15 -> 6 | S15: 25.2 | T15: =H15 -> 79 | U15: =C15 -> 140 | V15: 1 | W15: =K15 -> 40 | X15: =L15 -> 6 | Y15: 32.7
A16: 800 | B16: =E16+16.5+16.5+6 -> 104 | C16: ='Стандартные размеры KLM-S'!C18 -> 140 | D16: 1 | E16: ='Стандартные размеры KLM-S'!E18 -> 65 | F16: ='Стандартные размеры KLM-S'!F18 -> 6 | G16: 24 | H16: =K16+16.5+16.5+6 -> 99 | I16: =C16 -> 140 | J16: 1 | K16: ='[1]Стандартные размеры'!K19 -> 60 | L16: =L15 -> 6 | M16: 31 | N16: =B16 -> 104 | O16: =C16 -> 140 | P16: 1 | Q16: =E16 -> 65 | R16: =F16 -> 6 | S16: 26.3 | T16: =H16 -> 99 | U16: =C16 -> 140 | V16: 1 | W16: =K16 -> 60 | X16: =L16 -> 6 | Y16: 35.5
A17: 1000 | B17: =E17+16.5+16.5+6 -> 139 | C17: ='Стандартные размеры KLM-S'!C19 -> 140 | D17: 1 | E17: ='Стандартные размеры KLM-S'!E19 -> 100 | F17: ='Стандартные размеры KLM-S'!F19 -> 6 | G17: 26.3 | H17: =K17+16.5+16.5+6 -> 104 | I17: =C17 -> 140 | J17: 1 | K17: ='[1]Стандартные размеры'!K20 -> 65 | L17: =L16 -> 6 | M17: 32.5 | N17: =B17 -> 139 | O17: =C17 -> 140 | P17: 1 | Q17: =E17 -> 100 | R17: =F17 -> 6 | S17: 28 | T17: =H17 -> 104 | U17: =C17 -> 140 | V17: 1 | W17: =K17 -> 65 | X17: =L17 -> 6 | Y17: 36.9
A18: 1250 | B18: =E18+16.5+16.5+6 -> 169 | C18: ='Стандартные размеры KLM-S'!C20 -> 140 | D18: 1 | E18: ='Стандартные размеры KLM-S'!E20 -> 130 | F18: ='Стандартные размеры KLM-S'!F20 -> 6 | G18: 30.8 | H18: =K18+16.5+16.5+6 -> 119 | I18: =C18 -> 140 | J18: 1 | K18: ='[1]Стандартные размеры'!K21 -> 80 | L18: =L17 -> 6 | M18: 34.3 | N18: =B18 -> 169 | O18: =C18 -> 140 | P18: 1 | Q18: =E18 -> 130 | R18: =F18 -> 6 | S18: 33.3 | T18: =H18 -> 119 | U18: =C18 -> 140 | V18: 1 | W18: =K18 -> 80 | X18: =L18 -> 6 | Y18: 38.7
A19: 1600 | B19: =E19+16.5+16.5+6 -> 199 | C19: ='Стандартные размеры KLM-S'!C21 -> 140 | D19: 1 | E19: ='Стандартные размеры KLM-S'!E21 -> 160 | F19: ='Стандартные размеры KLM-S'!F21 -> 6 | G19: 35.3 | H19: =K19+16.5+16.5+6 -> 139 | I19: =C19 -> 140 | J19: 1 | K19: ='[1]Стандартные размеры'!K22 -> 100 | L19: =L18 -> 6 | M19: 43 | N19: =B19 -> 199 | O19: =C19 -> 140 | P19: 1 | Q19: =E19 -> 160 | R19: =F19 -> 6 | S19: 36.7 | T19: =H19 -> 139 | U19: =C19 -> 140 | V19: 1 | W19: =K19 -> 100 | X19: =L19 -> 6 | Y19: 49
A20: 2000 | B20: =E20+16.5+16.5+6 -> 239 | C20: ='Стандартные размеры KLM-S'!C22 -> 140 | D20: 1 | E20: ='Стандартные размеры KLM-S'!E22 -> 200 | F20: ='Стандартные размеры KLM-S'!F22 -> 6 | G20: 41.3 | H20: =K20+16.5+16.5+6 -> 199 | I20: =C20 -> 140 | J20: 1 | K20: ='[1]Стандартные размеры'!K23 -> 160 | L20: =L19 -> 6 | M20: 53.3 | N20: =B20 -> 239 | O20: =C20 -> 140 | P20: 1 | Q20: =E20 -> 200 | R20: =F20 -> 6 | S20: 46.7 | T20: =H20 -> 199 | U20: =C20 -> 140 | V20: 1 | W20: =K20 -> 160 | X20: =L20 -> 6 | Y20: 61.3
A21: 2500 | B21: =(E21*D21)+(16.5*4)+(3*4)+15 -> 353 | C21: ='Стандартные размеры KLM-S'!C23 -> 140 | D21: 2 | E21: ='Стандартные размеры KLM-S'!E23 -> 130 | F21: ='Стандартные размеры KLM-S'!F23 -> 6 | G21: 55.3 | H21: =K21+16.5+16.5+6 -> 239 | I21: =C21 -> 140 | J21: 1 | K21: ='[1]Стандартные размеры'!K24 -> 200 | L21: =L20 -> 6 | M21: 62.7 | N21: =B21 -> 353 | O21: =C21 -> 140 | P21: =D21 -> 2 | Q21: =E21 -> 130 | R21: =F21 -> 6 | S21: 61.7 | T21: =H21 -> 239 | U21: =C21 -> 140 | V21: 1 | W21: =K21 -> 200 | X21: =L21 -> 6 | Y21: 72.7
A22: 3200 | B22: =(E22*D22)+(16.5*4)+(3*4)+15 -> 413 | C22: ='Стандартные размеры KLM-S'!C24 -> 140 | D22: 2 | E22: ='Стандартные размеры KLM-S'!E24 -> 160 | F22: ='Стандартные размеры KLM-S'!F24 -> 6 | G22: 66.2 | H22: =(K22*J22)+(16.5*4)+(3*4)+15 -> 353 | I22: =C22 -> 140 | J22: 2 | K22: ='[1]Стандартные размеры'!K25 -> 130 | L22: =L21 -> 6 | M22: 90 | N22: =B22 -> 413 | O22: =C22 -> 140 | P22: =D22 -> 2 | Q22: =E22 -> 160 | R22: =F22 -> 6 | S22: 70.3 | T22: =H22 -> 353 | U22: =C22 -> 140 | V22: =J22 -> 2 | W22: =K22 -> 130 | X22: =L22 -> 6 | Y22: 100
A23: 4000 | B23: =(E23*D23)+(16.5*4)+(3*4)+15 -> 493 | C23: ='Стандартные размеры KLM-S'!C25 -> 140 | D23: 2 | E23: ='Стандартные размеры KLM-S'!E25 -> 200 | F23: ='Стандартные размеры KLM-S'!F25 -> 6 | G23: 80.5 | H23: =(K23*J23)+(16.5*4)+(3*4)+15 -> 413 | I23: =C23 -> 140 | J23: 2 | K23: ='[1]Стандартные размеры'!K26 -> 160 | L23: =L22 -> 6 | M23: 122.7 | N23: =B23 -> 493 | O23: =C23 -> 140 | P23: =D23 -> 2 | Q23: =E23 -> 200 | R23: =F23 -> 6 | S23: 96.3 | T23: =H23 -> 413 | U23: =C23 -> 140 | V23: =J23 -> 2 | W23: =K23 -> 160 | X23: =L23 -> 6 | Y23: 135
A24: 5000 | B24: =(E24*D24)+(16.5*8)+(3*8)+(15*3) -> 721 | C24: ='Стандартные размеры KLM-S'!C26 -> 140 | D24: 4 | E24: ='Стандартные размеры KLM-S'!E26 -> 130 | F24: ='Стандартные размеры KLM-S'!F26 -> 6 | G24: 113.3 | H24: =(K24*J24)+(16.5*4)+(3*4)+15 -> 493 | I24: =C24 -> 140 | J24: 2 | K24: ='[1]Стандартные размеры'!K27 -> 200 | L24: =L23 -> 6 | M24: 185 | N24: =B24 -> 721 | O24: =C24 -> 140 | P24: =D24 -> 4 | Q24: =E24 -> 130 | R24: =F24 -> 6 | S24: 92.7 | T24: =H24 -> 493 | U24: =C24 -> 140 | V24: =J24 -> 2 | W24: =K24 -> 200 | X24: =L24 -> 6 | Y24: 220
A25: 6300 | B25: =(E25*D25)+(16.5*8)+(3*8)+(15*3) -> 841 | C25: ='Стандартные размеры KLM-S'!C27 -> 140 | D25: 4 | E25: ='Стандартные размеры KLM-S'!E27 -> 160 | F25: ='Стандартные размеры KLM-S'!F27 -> 6 | G25: 133.3 | H25: =(K25*J25)+(16.5*6)+(3*6)+(15*2) -> 747 | I25: =C25 -> 140 | J25: 3 | K25: ='[1]Стандартные размеры'!K28 -> 200 | L25: =L24 -> 6 | M25: 206.7 | N25: =B25 -> 841 | O25: =C25 -> 140 | P25: =D25 -> 4 | Q25: =E25 -> 160 | R25: =F25 -> 6 | S25: 142.7 | T25: =H25 -> 747 | U25: =C25 -> 140 | V25: =J25 -> 3 | W25: =K25 -> 200 | X25: =L25 -> 6 | Y25: 240
D27: Секция угловая горизонтальная CD
D28: Рекомендуемая кратность шага
D29: Шаг L1 = | G29: 50 мм.
D30: Шаг L2 = | G30: 50 мм.
A32: Номинальный ток | B32: 4р | H32: 5р
B33: алюминий | E33: медь | H33: алюминий | K33: медь
B34: L1, мм | C34: L2, мм | D34: Масса, кг | E34: L1, мм | F34: L2, мм | G34: Масса, кг | H34: L1, мм | I34: L2, мм | J34: Масса, кг | K34: L1, мм | L34: L2, мм | M34: Масса, кг
A35: 160
A36: 250
A37: 400
A38: 630 | B38: 435 | C38: 435 | E38: 435 | F38: 435 | H38: 435 | I38: 435 | K38: =E38 -> 435 | L38: =F38 -> 435
A39: 800 | B39: 435 | C39: =B39 -> 435 | E39: 435 | F39: =E39 -> 435 | H39: 435 | I39: 435 | K39: =E39 -> 435 | L39: =F39 -> 435
A40: 1000 | B40: 435 | C40: =B40 -> 435 | E40: 435 | F40: =E40 -> 435 | H40: 435 | I40: 435 | K40: =E40 -> 435 | L40: =F40 -> 435
A41: 1250 | B41: 435 | C41: =B41 -> 435 | E41: 435 | F41: =E41 -> 435 | H41: 435 | I41: 435 | K41: =E41 -> 435 | L41: =F41 -> 435
A42: 1600 | B42: 435 | C42: =B42 -> 435 | E42: 435 | F42: =E42 -> 435 | H42: 435 | I42: 435 | K42: =E42 -> 435 | L42: =F42 -> 435
A43: 2000 | B43: 435 | C43: =B43 -> 435 | E43: 435 | F43: =E43 -> 435 | H43: 435 | I43: 435 | K43: =E43 -> 435 | L43: =F43 -> 435
A44: 2500 | B44: 435 | C44: =B44 -> 435 | E44: 435 | F44: =E44 -> 435 | H44: 435 | I44: 435 | K44: =E44 -> 435 | L44: =F44 -> 435
A45: 3200 | B45: 435 | C45: =B45 -> 435 | E45: 435 | F45: =E45 -> 435 | H45: 435 | I45: 435 | K45: =E45 -> 435 | L45: =F45 -> 435
A46: 4000 | B46: 435 | C46: =B46 -> 435 | E46: 435 | F46: =E46 -> 435 | H46: 435 | I46: 435 | K46: =E46 -> 435 | L46: =F46 -> 435
A47: 5000 | B47: 435 | C47: =B47 -> 435 | E47: 435 | F47: =E47 -> 435 | H47: 435 | I47: 435 | K47: =E47 -> 435 | L47: =F47 -> 435
A48: 6300 | B48: 435 | C48: =B48 -> 435 | E48: 435 | F48: =E48 -> 435 | H48: 435 | I48: 435 | K48: =E48 -> 435 | L48: =F48 -> 435
D50: Секция угловая вертикальная СР
D51: Рекомендуемая кратность шага
D52: Шаг L1 = | G52: 50 мм.
D53: Шаг L2 = | G53: 50 мм.
A55: Номинальный ток | B55: 4р | H55: 5р
B56: алюминий | E56: медь | H56: алюминий | K56: медь
B57: L1, мм | C57: L2, мм | D57: Масса, кг | E57: L1, мм | F57: L2, мм | G57: Масса, кг | H57: L1, мм | I57: L2, мм | J57: Масса, кг | K57: L1, мм | L57: L2, мм | M57: Масса, кг
A58: 630 | B58: ='Стандартные размеры KLM-S'!B153 -> 300 | C58: =B58 -> 300 | E58: ='Стандартные размеры KLM-S'!E101 -> 300 | F58: ='Стандартные размеры KLM-S'!F101 -> 300 | H58: =B58 -> 300 | I58: =C58 -> 300 | K58: =E58 -> 300 | L58: =F58 -> 300
A59: 800 | B59: ='Стандартные размеры KLM-S'!B154 -> 300 | C59: =B59 -> 300 | E59: ='Стандартные размеры KLM-S'!E102 -> 300 | F59: ='Стандартные размеры KLM-S'!F102 -> 300 | H59: =B59 -> 300 | I59: =C59 -> 300 | K59: =E59 -> 300 | L59: =F59 -> 300
A60: 1000 | B60: ='Стандартные размеры KLM-S'!B103 -> 450 | C60: =B60 -> 450 | E60: ='Стандартные размеры KLM-S'!E103 -> 300 | F60: =E60 -> 300 | H60: =B60 -> 450 | I60: =C60 -> 450 | K60: =E60 -> 300 | L60: =F60 -> 300
A61: 1250 | B61: ='Стандартные размеры KLM-S'!B104 -> 450 | C61: =B61 -> 450 | E61: ='Стандартные размеры KLM-S'!E104 -> 450 | F61: =E61 -> 450 | H61: =B61 -> 450 | I61: =C61 -> 450 | K61: =E61 -> 450 | L61: =F61 -> 450
A62: 1600 | B62: ='Стандартные размеры KLM-S'!B105 -> 450 | C62: =B62 -> 450 | E62: ='Стандартные размеры KLM-S'!E105 -> 450 | F62: =E62 -> 450 | H62: =B62 -> 450 | I62: =C62 -> 450 | K62: =E62 -> 450 | L62: =F62 -> 450
A63: 2000 | B63: ='Стандартные размеры KLM-S'!B106 -> 450 | C63: =B63 -> 450 | E63: ='Стандартные размеры KLM-S'!E106 -> 450 | F63: =E63 -> 450 | H63: =B63 -> 450 | I63: =C63 -> 450 | K63: =E63 -> 450 | L63: =F63 -> 450
A64: 2500 | B64: 590 | C64: =B64 -> 590 | E64: ='Стандартные размеры KLM-S'!E107 -> 450 | F64: =E64 -> 450 | H64: 590 | I64: =H64 -> 590 | K64: =E64 -> 450 | L64: =F64 -> 450
A65: 3200 | B65: =B64+60 -> 650 | C65: =B65 -> 650 | E65: =495+50 -> 545 | F65: =E65 -> 545 | H65: =H64+60 -> 650 | I65: =H65 -> 650 | K65: =495+50 -> 545 | L65: =K65 -> 545
A66: 4000 | B66: =B65+80 -> 730 | C66: =B66 -> 730 | E66: 650 | F66: =E66 -> 650 | H66: =H65+80 -> 730 | I66: =H66 -> 730 | K66: 650 | L66: =K66 -> 650
A67: 5000 | B67: 950 | C67: =B67 -> 950 | E67: 860 | F67: =E67 -> 860 | H67: 950 | I67: =H67 -> 950 | K67: 860 | L67: =K67 -> 860
A68: 6300 | B68: 1090 | C68: =B68 -> 1090 | E68: 950 | F68: =E68 -> 950 | H68: 1090 | I68: =H68 -> 1090 | K68: 950 | L68: =K68 -> 950
D70: Секция Z-образная горизонтальная ZD
D71: Рекомендуемая кратность шага
D72: Шаг L1 = | G72: 50 мм.
D73: Шаг L2 = | G73: 100 мм.
D74: Шаг L3 = | G74: 50 мм
A76: Номинальный ток | B76: 4р | J76: 5р
B77: алюминий | F77: медь | J77: алюминий | N77: медь
B78: L1, мм | C78: L2, мм | D78: L3, мм | E78: Масса, кг | F78: L1, мм | G78: L2, мм | H78: L3, мм | I78: Масса, кг | J78: L1, мм | K78: L2, мм | L78: L3, мм | M78: Масса, кг | N78: L1, мм | O78: L2, мм | P78: L3, мм | Q78: Масса, кг
A79: 630 | B79: =B38 -> 435 | C79: 415 | D79: =C38 -> 435 | F79: =E38 -> 435 | G79: 415 | H79: =F38 -> 435 | J79: =H38 -> 435 | K79: =C79 -> 415 | L79: =D79 -> 435 | N79: =F79 -> 435 | O79: =G79 -> 415 | P79: =H79 -> 435
A80: 800 | B80: =B39 -> 435 | C80: 415 | D80: =C39 -> 435 | F80: =E39 -> 435 | G80: 415 | H80: =F39 -> 435 | J80: =H39 -> 435 | K80: =C80 -> 415 | L80: =D80 -> 435 | N80: =F80 -> 435 | O80: =G80 -> 415 | P80: =H80 -> 435
A81: 1000 | B81: =B40 -> 435 | C81: 415 | D81: =C40 -> 435 | F81: =E40 -> 435 | G81: 415 | H81: =F40 -> 435 | J81: =H40 -> 435 | K81: =C81 -> 415 | L81: =D81 -> 435 | N81: =F81 -> 435 | O81: =G81 -> 415 | P81: =H81 -> 435
A82: 1250 | B82: =B41 -> 435 | C82: 415 | D82: =C41 -> 435 | F82: =E41 -> 435 | G82: 415 | H82: =F41 -> 435 | J82: =H41 -> 435 | K82: =C82 -> 415 | L82: =D82 -> 435 | N82: =F82 -> 435 | O82: =G82 -> 415 | P82: =H82 -> 435
A83: 1600 | B83: =B42 -> 435 | C83: 415 | D83: =C42 -> 435 | F83: =E42 -> 435 | G83: 415 | H83: =F42 -> 435 | J83: =H42 -> 435 | K83: =C83 -> 415 | L83: =D83 -> 435 | N83: =F83 -> 435 | O83: =G83 -> 415 | P83: =H83 -> 435
A84: 2000 | B84: =B43 -> 435 | C84: 415 | D84: =C43 -> 435 | F84: =E43 -> 435 | G84: 415 | H84: =F43 -> 435 | J84: =H43 -> 435 | K84: =C84 -> 415 | L84: =D84 -> 435 | N84: =F84 -> 435 | O84: =G84 -> 415 | P84: =H84 -> 435
A85: 2500 | B85: =B44 -> 435 | C85: 415 | D85: =C44 -> 435 | F85: =E44 -> 435 | G85: 415 | H85: =F44 -> 435 | J85: =H44 -> 435 | K85: =C85 -> 415 | L85: =D85 -> 435 | N85: =F85 -> 435 | O85: =G85 -> 415 | P85: =H85 -> 435
A86: 3200 | B86: =B45 -> 435 | C86: 415 | D86: =C45 -> 435 | F86: =E45 -> 435 | G86: 415 | H86: =F45 -> 435 | J86: =H45 -> 435 | K86: =C86 -> 415 | L86: =D86 -> 435 | N86: =F86 -> 435 | O86: =G86 -> 415 | P86: =H86 -> 435
A87: 4000 | B87: =B46 -> 435 | C87: 415 | D87: =C46 -> 435 | F87: =E46 -> 435 | G87: 415 | H87: =F46 -> 435 | J87: =H46 -> 435 | K87: =C87 -> 415 | L87: =D87 -> 435 | N87: =F87 -> 435 | O87: =G87 -> 415 | P87: =H87 -> 435
A88: 5000 | B88: =B47 -> 435 | C88: 415 | D88: =C47 -> 435 | F88: =E47 -> 435 | G88: 415 | H88: =F47 -> 435 | J88: =H47 -> 435 | K88: =C88 -> 415 | L88: =D88 -> 435 | N88: =F88 -> 435 | O88: =G88 -> 415 | P88: =H88 -> 435
A89: 6300 | B89: =B48 -> 435 | C89: 415 | D89: =C48 -> 435 | F89: =E48 -> 435 | G89: 415 | H89: =F48 -> 435 | J89: =H48 -> 435 | K89: =C89 -> 415 | L89: =D89 -> 435 | N89: =F89 -> 435 | O89: =G89 -> 415 | P89: =H89 -> 435
D91: Секция Z-образная вертикальная ZP
D92: Рекомендуемая кратность шага
D93: Шаг L1 = | G93: 50 мм.
D94: Шаг L2 = | G94: 100 мм.
D95: Шаг L3 = | G95: 50 мм
A97: Номинальный ток | B97: 4р | J97: 5р
B98: алюминий | F98: медь | J98: алюминий | N98: медь
B99: L1, мм | C99: L2, мм | D99: L3, мм | E99: Масса, кг | F99: L1, мм | G99: L2, мм | H99: L3, мм | I99: Масса, кг | J99: L1, мм | K99: L2, мм | L99: L3, мм | M99: Масса, кг | N99: L1, мм | O99: L2, мм | P99: L3, мм | Q99: Масса, кг
A100: 630 | B100: ='Стандартные размеры KLM-S'!B153 -> 300 | C100: ='Стандартные размеры KLM-S'!C153 -> 220 | D100: ='Стандартные размеры KLM-S'!D153 -> 300 | F100: ='Стандартные размеры KLM-S'!F153 -> 300 | G100: ='Стандартные размеры KLM-S'!G153 -> 210 | H100: =F100 -> 300 | J100: =B100 -> 300 | K100: =C100 -> 220 | L100: =J100 -> 300 | N100: =F100 -> 300 | O100: =G100 -> 210 | P100: =H100 -> 300
A101: 800 | B101: ='Стандартные размеры KLM-S'!B154 -> 300 | C101: ='Стандартные размеры KLM-S'!C154 -> 260 | D101: ='Стандартные размеры KLM-S'!D154 -> 300 | F101: ='Стандартные размеры KLM-S'!F154 -> 300 | G101: ='Стандартные размеры KLM-S'!G154 -> 250 | H101: =F101 -> 300 | J101: =B101 -> 300 | K101: =C101 -> 260 | L101: =J101 -> 300 | N101: =F101 -> 300 | O101: =G101 -> 250 | P101: =H101 -> 300
A102: 1000 | B102: ='Стандартные размеры KLM-S'!B155 -> 450 | C102: ='Стандартные размеры KLM-S'!C155 -> 260 | D102: ='Стандартные размеры KLM-S'!D155 -> 450 | F102: ='Стандартные размеры KLM-S'!F155 -> 300 | G102: ='Стандартные размеры KLM-S'!G155 -> 250 | H102: =F102 -> 300 | J102: =B102 -> 450 | K102: =C102 -> 260 | L102: =J102 -> 450 | N102: =F102 -> 300 | O102: =G102 -> 250 | P102: =H102 -> 300
A103: 1250 | B103: ='Стандартные размеры KLM-S'!B156 -> 450 | C103: ='Стандартные размеры KLM-S'!C156 -> 300 | D103: ='Стандартные размеры KLM-S'!D156 -> 450 | F103: ='Стандартные размеры KLM-S'!F156 -> 450 | G103: ='Стандартные размеры KLM-S'!G156 -> 260 | H103: =F103 -> 450 | J103: =B103 -> 450 | K103: =C103 -> 300 | L103: =J103 -> 450 | N103: =F103 -> 450 | O103: =G103 -> 260 | P103: =H103 -> 450
A104: 1600 | B104: ='Стандартные размеры KLM-S'!B157 -> 450 | C104: ='Стандартные размеры KLM-S'!C157 -> 340 | D104: ='Стандартные размеры KLM-S'!D157 -> 450 | F104: ='Стандартные размеры KLM-S'!F157 -> 450 | G104: ='Стандартные размеры KLM-S'!G157 -> 260 | H104: =F104 -> 450 | J104: =B104 -> 450 | K104: =C104 -> 340 | L104: =J104 -> 450 | N104: =F104 -> 450 | O104: =G104 -> 260 | P104: =H104 -> 450
A105: 2000 | B105: ='Стандартные размеры KLM-S'!B158 -> 450 | C105: ='Стандартные размеры KLM-S'!C158 -> 380 | D105: ='Стандартные размеры KLM-S'!D158 -> 450 | F105: ='Стандартные размеры KLM-S'!F158 -> 450 | G105: ='Стандартные размеры KLM-S'!G158 -> 300 | H105: =F105 -> 450 | J105: =B105 -> 450 | K105: =C105 -> 380 | L105: =J105 -> 450 | N105: =F105 -> 450 | O105: =G105 -> 300 | P105: =H105 -> 450
A106: 2500 | B106: ='Стандартные размеры KLM-S'!B159 -> 600 | C106: ='Стандартные размеры KLM-S'!C159 -> 480 | D106: ='Стандартные размеры KLM-S'!D159 -> 600 | F106: ='Стандартные размеры KLM-S'!F159 -> 450 | G106: ='Стандартные размеры KLM-S'!G159 -> 340 | H106: =F106 -> 450 | J106: =B106 -> 600 | K106: =C106 -> 480 | L106: =J106 -> 600 | N106: =F106 -> 450 | O106: =G106 -> 340 | P106: =H106 -> 450
A107: 3200 | B107: ='Стандартные размеры KLM-S'!B160 -> 650 | C107: ='Стандартные размеры KLM-S'!C160 -> 550 | D107: ='Стандартные размеры KLM-S'!D160 -> 650 | F107: ='Стандартные размеры KLM-S'!F160 -> 600 | G107: ='Стандартные размеры KLM-S'!G160 -> 420 | H107: =F107 -> 600 | J107: =B107 -> 650 | K107: =C107 -> 550 | L107: =J107 -> 650 | N107: =F107 -> 600 | O107: =G107 -> 420 | P107: =H107 -> 600
A108: 4000 | B108: ='Стандартные размеры KLM-S'!B161 -> 750 | C108: ='Стандартные размеры KLM-S'!C161 -> 630 | D108: ='Стандартные размеры KLM-S'!D161 -> 750 | F108: ='Стандартные размеры KLM-S'!F161 -> 650 | G108: ='Стандартные размеры KLM-S'!G161 -> 550 | H108: =F108 -> 650 | J108: =B108 -> 750 | K108: =C108 -> 630 | L108: =J108 -> 750 | N108: =F108 -> 650 | O108: =G108 -> 550 | P108: =H108 -> 650
A109: 5000 | B109: ='Стандартные размеры KLM-S'!B162 -> 950 | C109: ='Стандартные размеры KLM-S'!C162 -> 850 | D109: ='Стандартные размеры KLM-S'!D162 -> 950 | F109: ='Стандартные размеры KLM-S'!F162 -> 750 | G109: ='Стандартные размеры KLM-S'!G162 -> 830 | H109: =F109 -> 750 | J109: =B109 -> 950 | K109: =C109 -> 850 | L109: =J109 -> 950 | N109: =F109 -> 750 | O109: =G109 -> 830 | P109: =H109 -> 750
A110: 6300 | B110: ='Стандартные размеры KLM-S'!B163 -> 1100 | C110: ='Стандартные размеры KLM-S'!C163 -> 970 | D110: ='Стандартные размеры KLM-S'!D163 -> 1100 | F110: ='Стандартные размеры KLM-S'!F163 -> 950 | G110: ='Стандартные размеры KLM-S'!G163 -> 850 | H110: =F110 -> 950 | J110: =B110 -> 1100 | K110: =C110 -> 970 | L110: =J110 -> 1100 | N110: =F110 -> 950 | O110: =G110 -> 850 | P110: =H110 -> 950
...

Sheet Минимальные габариты IP55 и 68
A1: Приложение 9_Габаритные размеры шинопровода KLM-S, IP 55 с материалом корпуса V3, шиной толщиной 6мм
A3: Таблица размеров и масс
A5: Номинальный ток | B5: 4р | N5: 5р
B6: алюминий | H6: медь | N6: алюминий | T6: медь
B7: H, мм | C7: W, мм | D7: Шина | G7: Масса, кг пог/м | H7: H, мм | I7: W, мм | J7: Шина | M7: Масса, кг пог/м | N7: H, мм | O7: W, мм | P7: Шина | S7: Масса, кг пог/м | T7: H, мм | U7: W, мм | V7: Шина | Y7: Масса, кг пог/м
D8: Кол-во, шт | E8: Высота | F8: Толщина | J8: Кол-во, шт | K8: Высота | L8: Толщина | P8: Кол-во, шт | Q8: Высота | R8: Толщина | V8: Кол-во, шт | W8: Высота | X8: Толщина
A9: 160 | B9: 69 | C9: 140 | D9: 1 | E9: 30 | F9: 6 | H9: 69 | I9: 140 | J9: 1 | K9: 30 | L9: 6 | M9: 18.4 | N9: =B9 -> 69 | O9: =C9 -> 140 | P9: 1 | Q9: =E9 -> 30 | R9: =F9 -> 6 | S9: 6.7 | T9: =H9 -> 69 | U9: =C9 -> 140 | V9: 1 | W9: =K9 -> 30 | X9: =L9 -> 6 | Y9: 20.5
A10: 250 | B10: 69 | C10: 140 | D10: 1 | E10: 30 | F10: 6 | H10: 69 | I10: 140 | J10: 1 | K10: 30 | L10: 6 | M10: 18.4 | N10: =B10 -> 69 | O10: =C10 -> 140 | P10: 1 | Q10: =E10 -> 30 | R10: =F10 -> 6 | S10: 7.7 | T10: =H10 -> 69 | U10: =C10 -> 140 | V10: 1 | W10: =K10 -> 30 | X10: =L10 -> 6 | Y10: 20.5
A11: 315 | B11: 69 | C11: 140 | D11: 1 | E11: 30 | F11: 6 | H11: 69 | I11: 140 | J11: 1 | K11: 30 | L11: 6 | M11: 18.4 | N11: =B11 -> 69 | O11: =C11 -> 140 | P11: 1 | Q11: =E11 -> 30 | R11: =F11 -> 6 | S11: 8.7 | T11: =H11 -> 69 | U11: =C11 -> 140 | V11: 1 | W11: =K11 -> 30 | X11: =L11 -> 6 | Y11: 20.5
A12: 400 | B12: 69 | C12: 140 | D12: 1 | E12: 30 | F12: 6 | G12: 7.5 | H12: 69 | I12: 140 | J12: 1 | K12: 30 | L12: 6 | M12: 18.4 | N12: =B12 -> 69 | O12: =C12 -> 140 | P12: 1 | Q12: =E12 -> 30 | R12: =F12 -> 6 | S12: 8.7 | T12: =H12 -> 69 | U12: =C12 -> 140 | V12: 1 | W12: =K12 -> 30 | X12: =L12 -> 6 | Y12: 20.5
A13: 500 | B13: 69 | C13: 140 | D13: 1 | E13: 40 | F13: 6 | H13: 69 | I13: 140 | J13: 1 | K13: 30 | L13: 6 | M13: 18.4 | N13: =B13 -> 69 | O13: =C13 -> 140 | P13: 1 | Q13: =E13 -> 40 | R13: =F13 -> 6 | S13: 8.7 | T13: =H13 -> 69 | U13: =C13 -> 140 | V13: 1 | W13: =K13 -> 30 | X13: =L13 -> 6 | Y13: 20.5
A14: 630 | B14: 89 | C14: 140 | D14: 1 | E14: 50 | F14: 6 | G14: 9.4 | H14: 79 | I14: =C14 -> 140 | J14: 1 | K14: 40 | L14: 6 | M14: 20.6 | N14: =B14 -> 89 | O14: =C14 -> 140 | P14: 1 | Q14: =E14 -> 50 | R14: =F14 -> 6 | S14: 10.9 | T14: =H14 -> 79 | U14: =C14 -> 140 | V14: 1 | W14: =K14 -> 40 | X14: =L14 -> 6 | Y14: 23
A15: 800 | B15: 104 | C15: =C14 -> 140 | D15: 1 | E15: 65 | F15: 6 | G15: 10.7 | H15: 99 | I15: =C15 -> 140 | J15: 1 | K15: 60 | L15: =L14 -> 6 | M15: 20.6 | N15: =B15 -> 104 | O15: =C15 -> 140 | P15: 1 | Q15: =E15 -> 65 | R15: =F15 -> 6 | S15: 12.3 | T15: =H15 -> 99 | U15: =C15 -> 140 | V15: 1 | W15: =K15 -> 60 | X15: =L15 -> 6 | Y15: 23
A16: 1000 | B16: 139 | C16: =C15 -> 140 | D16: 1 | E16: 100 | F16: 6 | G16: 12.9 | H16: 104 | I16: =C16 -> 140 | J16: 1 | K16: 65 | L16: =L15 -> 6 | M16: 22.6 | N16: =B16 -> 139 | O16: =C16 -> 140 | P16: 1 | Q16: =E16 -> 100 | R16: =F16 -> 6 | S16: 13.7 | T16: =H16 -> 104 | U16: =C16 -> 140 | V16: 1 | W16: =K16 -> 65 | X16: =L16 -> 6 | Y16: 25.6
A17: 1250 | B17: 169 | C17: =C16 -> 140 | D17: 1 | E17: 130 | F17: 6 | G17: 15.9 | H17: 119 | I17: =C17 -> 140 | J17: 1 | K17: 80 | L17: =L16 -> 6 | M17: 25.6 | N17: =B17 -> 169 | O17: =C17 -> 140 | P17: 1 | Q17: =E17 -> 130 | R17: =F17 -> 6 | S17: 18.8 | T17: =H17 -> 119 | U17: =C17 -> 140 | V17: 1 | W17: =K17 -> 80 | X17: =L17 -> 6 | Y17: 28.6
A18: 1600 | B18: 199 | C18: =C17 -> 140 | D18: 1 | E18: 160 | F18: 6 | G18: 19.4 | H18: 139 | I18: =C18 -> 140 | J18: 1 | K18: 100 | L18: =L17 -> 6 | M18: 30.9 | N18: =B18 -> 199 | O18: =C18 -> 140 | P18: 1 | Q18: =E18 -> 160 | R18: =F18 -> 6 | S18: 23.1 | T18: =H18 -> 139 | U18: =C18 -> 140 | V18: 1 | W18: =K18 -> 100 | X18: =L18 -> 6 | Y18: 36.9
A19: 2000 | B19: 239 | C19: =C18 -> 140 | D19: 1 | E19: 200 | F19: 6 | G19: 23.3 | H19: 199 | I19: =C19 -> 140 | J19: 1 | K19: 160 | L19: =L18 -> 6 | M19: 38.8 | N19: =B19 -> 239 | O19: =C19 -> 140 | P19: 1 | Q19: =E19 -> 200 | R19: =F19 -> 6 | S19: 27.5 | T19: =H19 -> 199 | U19: =C19 -> 140 | V19: 1 | W19: =K19 -> 160 | X19: =L19 -> 6 | Y19: 46.8
A20: 2500 | B20: 348 | C20: =C19 -> 140 | D20: 2 | E20: 130 | F20: 6 | G20: 33.66 | H20: 239 | I20: =C20 -> 140 | J20: 1 | K20: 200 | L20: =L19 -> 6 | M20: 46.6 | N20: =B20 -> 348 | O20: =C20 -> 140 | P20: =D20 -> 2 | Q20: =E20 -> 130 | R20: =F20 -> 6 | S20: 39.3 | T20: =H20 -> 239 | U20: =C20 -> 140 | V20: 1 | W20: =K20 -> 200 | X20: =L20 -> 6 | Y20: 49.8
A21: 3200 | B21: 408 | C21: =C20 -> 140 | D21: 2 | E21: 160 | F21: 6 | G21: 39.5 | H21: 348 | I21: =C21 -> 140 | J21: 2 | K21: 130 | L21: =L20 -> 6 | M21: 62.6 | N21: =B21 -> 408 | O21: =C21 -> 140 | P21: =D21 -> 2 | Q21: =E21 -> 160 | R21: =F21 -> 6 | S21: 46.3 | T21: =H21 -> 348 | U21: =C21 -> 140 | V21: =J21 -> 2 | W21: =K21 -> 130 | X21: =L21 -> 6 | Y21: 74.8
A22: 4000 | B22: 488 | C22: =C21 -> 140 | D22: 2 | E22: 200 | F22: 6 | G22: 47.5 | H22: 408 | I22: =C22 -> 140 | J22: 2 | K22: 160 | L22: =L21 -> 6 | M22: 93.9 | N22: =B22 -> 488 | O22: =C22 -> 140 | P22: =D22 -> 2 | Q22: =E22 -> 200 | R22: =F22 -> 6 | S22: 55.3 | T22: =H22 -> 408 | U22: =C22 -> 140 | V22: =J22 -> 2 | W22: =K22 -> 160 | X22: =L22 -> 6 | Y22: 114.7
A23: 5000 | B23: 706 | C23: =C22 -> 140 | D23: 4 | E23: 130 | F23: 6 | G23: 67.4 | H23: 488 | I23: =C23 -> 140 | J23: 2 | K23: 200 | L23: =L22 -> 6 | M23: 124.6 | N23: =B23 -> 706 | O23: =C23 -> 140 | P23: =D23 -> 4 | Q23: =E23 -> 130 | R23: =F23 -> 6 | S23: 77.3 | T23: =H23 -> 488 | U23: =C23 -> 140 | V23: =J23 -> 2 | W23: =K23 -> 200 | X23: =L23 -> 6 | Y23: 152.6
A24: 6300 | B24: 826 | C24: =C23 -> 140 | D24: 4 | E24: 160 | F24: 6 | G24: 74.7 | H24: 737 | I24: =C24 -> 140 | J24: 3 | K24: 200 | L24: =L23 -> 6 | M24: 156.1 | N24: =B24 -> 826 | O24: =C24 -> 140 | P24: =D24 -> 4 | Q24: =E24 -> 160 | R24: =F24 -> 6 | S24: 90.7 | T24: =H24 -> 737 | U24: =C24 -> 140 | V24: =J24 -> 3 | W24: =K24 -> 200 | X24: =L24 -> 6 | Y24: 168.1
A25: *Pi (окна только на одной стороне секции) | B25: до 2000мм без окон окона отбора мощности
B26: от 2000-3000мм 1 оконо отбора мощности
B27: 3000мм 2 окона отбора мощности | AA27: \\\ТР | AB27: =(E23*D23)+(40*3)+(3*6)+(3*4)+(18*2) -> 706
A32: Секция прямая FE | B32: Минимальная длина прямой секции | G32: =(11+93+90)*2+2 -> 390 | H32: мм
A34: Секция угловая горизонтальная CD
A36: Номинальный ток | B36: 4р | L36: 5р
B37: алюминий | G37: медь | L37: алюминий | Q37: медь
B38: L1, мм | C38: l1, мм | D38: L2, мм | E38: l2, мм | G38: L1, мм | H38: l1, мм | I38: L2, мм | J38: l2, мм | L38: L1, мм | M38: l1, мм | N38: L2, мм | O38: l2, мм | Q38: L1, мм | R38: l1, мм | S38: L2, мм | T38: l2, мм
A39: =A9 -> 160 | B39: =11+93+90+C9 -> 334 | C39: =B39-(C9/2) -> 264 | D39: =B39 -> 334 | E39: =C39 -> 264 | G39: =11+93+90+I9 -> 334 | H39: =G39-(I9/2) -> 264 | I39: =G39 -> 334 | J39: =H39 -> 264 | L39: =B39 -> 334 | M39: =C39 -> 264 | N39: =L39 -> 334 | O39: =M39 -> 264 | Q39: =G39 -> 334 | R39: =H39 -> 264 | S39: =Q39 -> 334 | T39: =R39 -> 264
A40: =A10 -> 250 | B40: =11+93+90+I9 -> 334 | C40: =B40-(C9/2) -> 264 | D40: =B40 -> 334 | E40: =C40 -> 264 | G40: =11+93+90+I10 -> 334 | H40: =G40-(I9/2) -> 264 | I40: =G40 -> 334 | J40: =H40 -> 264 | L40: =B40 -> 334 | M40: =C40 -> 264 | N40: =L40 -> 334 | O40: =M40 -> 264 | Q40: =G40 -> 334 | R40: =H40 -> 264 | S40: =Q40 -> 334 | T40: =R40 -> 264
A41: =A11 -> 315 | B41: =11+93+90+I10 -> 334 | C41: =B41-(C10/2) -> 264 | D41: =B41 -> 334 | E41: =C41 -> 264 | G41: =11+93+90+I11 -> 334 | H41: =G41-(I10/2) -> 264 | I41: =G41 -> 334 | J41: =H41 -> 264 | L41: =B41 -> 334 | M41: =C41 -> 264 | N41: =L41 -> 334 | O41: =M41 -> 264 | Q41: =G41 -> 334 | R41: =H41 -> 264 | S41: =Q41 -> 334 | T41: =R41 -> 264
A42: =A12 -> 400 | B42: =11+93+90+I11 -> 334 | C42: =B42-(C11/2) -> 264 | D42: =B42 -> 334 | E42: =C42 -> 264 | G42: =11+93+90+I12 -> 334 | H42: =G42-(I11/2) -> 264 | I42: =G42 -> 334 | J42: =H42 -> 264 | L42: =B42 -> 334 | M42: =C42 -> 264 | N42: =L42 -> 334 | O42: =M42 -> 264 | Q42: =G42 -> 334 | R42: =H42 -> 264 | S42: =Q42 -> 334 | T42: =R42 -> 264
A43: =A13 -> 500 | B43: =11+93+90+I12 -> 334 | C43: =B43-(C12/2) -> 264 | D43: =B43 -> 334 | E43: =C43 -> 264 | G43: =11+93+90+I13 -> 334 | H43: =G43-(I12/2) -> 264 | I43: =G43 -> 334 | J43: =H43 -> 264 | L43: =B43 -> 334 | M43: =C43 -> 264 | N43: =L43 -> 334 | O43: =M43 -> 264 | Q43: =G43 -> 334 | R43: =H43 -> 264 | S43: =Q43 -> 334 | T43: =R43 -> 264
A44: =A14 -> 630 | B44: =11+93+90+I13 -> 334 | C44: =B44-(C13/2) -> 264 | D44: =B44 -> 334 | E44: =C44 -> 264 | G44: =11+93+90+I14 -> 334 | H44: =G44-(I13/2) -> 264 | I44: =G44 -> 334 | J44: =H44 -> 264 | L44: =B44 -> 334 | M44: =C44 -> 264 | N44: =L44 -> 334 | O44: =M44 -> 264 | Q44: =G44 -> 334 | R44: =H44 -> 264 | S44: =Q44 -> 334 | T44: =R44 -> 264
A45: =A15 -> 800 | B45: =11+93+90+I14 -> 334 | C45: =B45-(C14/2) -> 264 | D45: =B45 -> 334 | E45: =C45 -> 264 | G45: =11+93+90+I15 -> 334 | H45: =G45-(I14/2) -> 264 | I45: =G45 -> 334 | J45: =H45 -> 264 | L45: =B45 -> 334 | M45: =C45 -> 264 | N45: =L45 -> 334 | O45: =M45 -> 264 | Q45: =G45 -> 334 | R45: =H45 -> 264 | S45: =Q45 -> 334 | T45: =R45 -> 264
A46: =A16 -> 1000 | B46: =11+93+90+I15 -> 334 | C46: =B46-(C15/2) -> 264 | D46: =B46 -> 334 | E46: =C46 -> 264 | G46: =11+93+90+I16 -> 334 | H46: =G46-(I15/2) -> 264 | I46: =G46 -> 334 | J46: =H46 -> 264 | L46: =B46 -> 334 | M46: =C46 -> 264 | N46: =L46 -> 334 | O46: =M46 -> 264 | Q46: =G46 -> 334 | R46: =H46 -> 264 | S46: =Q46 -> 334 | T46: =R46 -> 264
A47: =A17 -> 1250 | B47: =11+93+90+I16 -> 334 | C47: =B47-(C16/2) -> 264 | D47: =B47 -> 334 | E47: =C47 -> 264 | G47: =11+93+90+I17 -> 334 | H47: =G47-(I16/2) -> 264 | I47: =G47 -> 334 | J47: =H47 -> 264 | L47: =B47 -> 334 | M47: =C47 -> 264 | N47: =L47 -> 334 | O47: =M47 -> 264 | Q47: =G47 -> 334 | R47: =H47 -> 264 | S47: =Q47 -> 334 | T47: =R47 -> 264
A48: =A18 -> 1600 | B48: =11+93+90+I17 -> 334 | C48: =B48-(C17/2) -> 264 | D48: =B48 -> 334 | E48: =C48 -> 264 | G48: =11+93+90+I18 -> 334 | H48: =G48-(I17/2) -> 264 | I48: =G48 -> 334 | J48: =H48 -> 264 | L48: =B48 -> 334 | M48: =C48 -> 264 | N48: =L48 -> 334 | O48: =M48 -> 264 | Q48: =G48 -> 334 | R48: =H48 -> 264 | S48: =Q48 -> 334 | T48: =R48 -> 264
A49: =A19 -> 2000 | B49: =11+93+90+I18 -> 334 | C49: =B49-(C18/2) -> 264 | D49: =B49 -> 334 | E49: =C49 -> 264 | G49: =11+93+90+I19 -> 334 | H49: =G49-(I18/2) -> 264 | I49: =G49 -> 334 | J49: =H49 -> 264 | L49: =B49 -> 334 | M49: =C49 -> 264 | N49: =L49 -> 334 | O49: =M49 -> 264 | Q49: =G49 -> 334 | R49: =H49 -> 264 | S49: =Q49 -> 334 | T49: =R49 -> 264
A50: =A20 -> 2500 | B50: =11+93+90+I19 -> 334 | C50: =B50-(C19/2) -> 264 | D50: =B50 -> 334 | E50: =C50 -> 264 | G50: =11+93+90+I20 -> 334 | H50: =G50-(I19/2) -> 264 | I50: =G50 -> 334 | J50: =H50 -> 264 | L50: =B50 -> 334 | M50: =C50 -> 264 | N50: =L50 -> 334 | O50: =M50 -> 264 | Q50: =G50 -> 334 | R50: =H50 -> 264 | S50: =Q50 -> 334 | T50: =R50 -> 264
A51: =A21 -> 3200 | B51: =11+93+90+I20 -> 334 | C51: =B51-(C20/2) -> 264 | D51: =B51 -> 334 | E51: =C51 -> 264 | G51: =11+93+90+I21 -> 334 | H51: =G51-(I20/2) -> 264 | I51: =G51 -> 334 | J51: =H51 -> 264 | L51: =B51 -> 334 | M51: =C51 -> 264 | N51: =L51 -> 334 | O51: =M51 -> 264 | Q51: =G51 -> 334 | R51: =H51 -> 264 | S51: =Q51 -> 334 | T51: =R51 -> 264
... A54: =A24 -> 6300 | B54: =11+93+90+I23 -> 334 | C54: =B54-(C23/2) -> 264 | D54: =B54 -> 334 | E54: =C54 -> 264 | G54: =11+93+90+I24 -> 334 | H54: =G54-(I23/2) -> 264 | I54: =G54 -> 334 | J54: =H54 -> 264 | L54: =B54 -> 334 | M54: =C54 -> 264 | N54: =L54 -> 334 | O54: =M54 -> 264 | Q54: =G54 -> 334 | R54: =H54 -> 264 | S54: =Q54 -> 334 | T54: =R54 -> 264
A56: Секция угловая вертикальная СР
A59: Номинальный ток | B59: 4р | L59: 5р
B60: алюминий | G60: медь | L60: алюминий | Q60: медь
B61: L1, мм | C61: l1, мм | D61: L2, мм | E61: l2, мм | G61: L1, мм | H61: l1, мм | I61: L2, мм | J61: l2, мм | L61: L1, мм | M61: l1, мм | N61: L2, мм | O61: l2, мм | Q61: L1, мм | R61: l1, мм | S61: L2, мм | T61: l2, мм
A62: =A9 -> 160 | B62: =93+90+11+(D9*(E9+9))+(40*(D9-1))+15+2 -> 250 | C62: =B62-((B9/2)-18-1.5) -> 235 | D62: =B62 -> 250 | E62: =C62 -> 235 | G62: =93+90+11+(J9*(K9+9))+(40*(J9-1))+15+2 -> 250 | H62: =G62-H9/2 -> 215.5 | I62: =G62 -> 250 | J62: =H62 -> 215.5 | L62: =B62 -> 250 | M62: =C62 -> 235 | N62: =L62 -> 250 | O62: =M62 -> 235 | Q62: =G62 -> 250 | R62: =H62 -> 215.5 | S62: =Q62 -> 250 | T62: =R62 -> 215.5
A63: =A10 -> 250 | B63: =93+90+11+(D10*(E10+9))+(40*(D10-1))+15+2 -> 250 | C63: =B63-((B10/2)-18-1.5) -> 235 | D63: =B63 -> 250 | E63: =C63 -> 235 | G63: =93+90+11+(J10*(K10+9))+(40*(J10-1))+15+2 -> 250 | H63: =G63-H10/2 -> 215.5 | I63: =G63 -> 250 | J63: =H63 -> 215.5 | L63: =B63 -> 250 | M63: =C63 -> 235 | N63: =L63 -> 250 | O63: =M63 -> 235 | Q63: =G63 -> 250 | R63: =H63 -> 215.5 | S63: =Q63 -> 250 | T63: =R63 -> 215.5
A64: =A11 -> 315 | B64: =93+90+11+(D11*(E11+9))+(40*(D11-1))+15+2 -> 250 | C64: =B64-((B11/2)-18-1.5) -> 235 | D64: =B64 -> 250 | E64: =C64 -> 235 | G64: =93+90+11+(J11*(K11+9))+(40*(J11-1))+15+2 -> 250 | H64: =G64-H11/2 -> 215.5 | I64: =G64 -> 250 | J64: =H64 -> 215.5 | L64: =B64 -> 250 | M64: =C64 -> 235 | N64: =L64 -> 250 | O64: =M64 -> 235 | Q64: =G64 -> 250 | R64: =H64 -> 215.5 | S64: =Q64 -> 250 | T64: =R64 -> 215.5
A65: =A12 -> 400 | B65: =93+90+11+(D12*(E12+9))+(40*(D12-1))+15+2 -> 250 | C65: =B65-((B12/2)-18-1.5) -> 235 | D65: =B65 -> 250 | E65: =C65 -> 235 | G65: =93+90+11+(J12*(K12+9))+(40*(J12-1))+15+2 -> 250 | H65: =G65-H12/2 -> 215.5 | I65: =G65 -> 250 | J65: =H65 -> 215.5 | L65: =B65 -> 250 | M65: =C65 -> 235 | N65: =L65 -> 250 | O65: =M65 -> 235 | Q65: =G65 -> 250 | R65: =H65 -> 215.5 | S65: =Q65 -> 250 | T65: =R65 -> 215.5
A66: =A13 -> 500 | B66: =93+90+11+(D13*(E13+9))+(40*(D13-1))+15+2 -> 260 | C66: =B66-((B13/2)-18-1.5) -> 245 | D66: =B66 -> 260 | E66: =C66 -> 245 | G66: =93+90+11+(J13*(K13+9))+(40*(J13-1))+15+2 -> 250 | H66: =G66-H13/2 -> 215.5 | I66: =G66 -> 250 | J66: =H66 -> 215.5 | L66: =B66 -> 260 | M66: =C66 -> 245 | N66: =L66 -> 260 | O66: =M66 -> 245 | Q66: =G66 -> 250 | R66: =H66 -> 215.5 | S66: =Q66 -> 250 | T66: =R66 -> 215.5
A67: =A14 -> 630 | B67: =93+90+11+(D14*(E14+9))+(40*(D14-1))+15+2 -> 270 | C67: =B67-((B14/2)-18-1.5) -> 245 | D67: =B67 -> 270 | E67: =C67 -> 245 | G67: =93+90+11+(J14*(K14+9))+(40*(J14-1))+15+2 -> 260 | H67: =G67-H14/2 -> 220.5 | I67: =G67 -> 260 | J67: =H67 -> 220.5 | L67: =B67 -> 270 | M67: =C67 -> 245 | N67: =L67 -> 270 | O67: =M67 -> 245 | Q67: =G67 -> 260 | R67: =H67 -> 220.5 | S67: =Q67 -> 260 | T67: =R67 -> 220.5
A68: =A15 -> 800 | B68: =93+90+11+(D15*(E15+9))+(40*(D15-1))+15+2 -> 285 | C68: =B68-((B15/2)-18-1.5) -> 252.5 | D68: =B68 -> 285 | E68: =C68 -> 252.5 | G68: =93+90+11+(J15*(K15+9))+(40*(J15-1))+15+2 -> 280 | H68: =G68-H15/2 -> 230.5 | I68: =G68 -> 280 | J68: =H68 -> 230.5 | L68: =B68 -> 285 | M68: =C68 -> 252.5 | N68: =L68 -> 285 | O68: =M68 -> 252.5 | Q68: =G68 -> 280 | R68: =H68 -> 230.5 | S68: =Q68 -> 280 | T68: =R68 -> 230.5
A69: =A16 -> 1000 | B69: =93+90+11+(D16*(E16+9))+(40*(D16-1))+15+2 -> 320 | C69: =B69-((B16/2)-18-1.5) -> 270 | D69: =B69 -> 320 | E69: =C69 -> 270 | G69: =93+90+11+(J16*(K16+9))+(40*(J16-1))+15+2 -> 285 | H69: =G69-H16/2 -> 233 | I69: =G69 -> 285 | J69: =H69 -> 233 | L69: =B69 -> 320 | M69: =C69 -> 270 | N69: =L69 -> 320 | O69: =M69 -> 270 | Q69: =G69 -> 285 | R69: =H69 -> 233 | S69: =Q69 -> 285 | T69: =R69 -> 233
A70: =A17 -> 1250 | B70: =93+90+11+(D17*(E17+9))+(40*(D17-1))+15+2 -> 350 | C70: =B70-((B17/2)-18-1.5) -> 285 | D70: =B70 -> 350 | E70: =C70 -> 285 | G70: =93+90+11+(J17*(K17+9))+(40*(J17-1))+15+2 -> 300 | H70: =G70-H17/2 -> 240.5 | I70: =G70 -> 300 | J70: =H70 -> 240.5 | L70: =B70 -> 350 | M70: =C70 -> 285 | N70: =L70 -> 350 | O70: =M70 -> 285 | Q70: =G70 -> 300 | R70: =H70 -> 240.5 | S70: =Q70 -> 300 | T70: =R70 -> 240.5
A71: =A18 -> 1600 | B71: =93+90+11+(D18*(E18+9))+(40*(D18-1))+15+2 -> 380 | C71: =B71-((B18/2)-18-1.5) -> 300 | D71: =B71 -> 380 | E71: =C71 -> 300 | G71: =93+90+11+(J18*(K18+9))+(40*(J18-1))+15+2 -> 320 | H71: =G71-H18/2 -> 250.5 | I71: =G71 -> 320 | J71: =H71 -> 250.5 | L71: =B71 -> 380 | M71: =C71 -> 300 | N71: =L71 -> 380 | O71: =M71 -> 300 | Q71: =G71 -> 320 | R71: =H71 -> 250.5 | S71: =Q71 -> 320 | T71: =R71 -> 250.5
A72: =A19 -> 2000 | B72: =93+90+11+(D19*(E19+9))+(40*(D19-1))+15+2 -> 420 | C72: =B72-((B19/2)-18-1.5) -> 320 | D72: =B72 -> 420 | E72: =C72 -> 320 | G72: =93+90+11+(J19*(K19+9))+(40*(J19-1))+15+2 -> 380 | H72: =G72-H19/2 -> 280.5 | I72: =G72 -> 380 | J72: =H72 -> 280.5 | L72: =B72 -> 420 | M72: =C72 -> 320 | N72: =L72 -> 420 | O72: =M72 -> 320 | Q72: =G72 -> 380 | R72: =H72 -> 280.5 | S72: =Q72 -> 380 | T72: =R72 -> 280.5
A73: =A20 -> 2500 | B73: =93+90+11+(D20*(E20+9))+(40*(D20-1))+15 -> 527 | C73: =B73-((B20/2)-18-1.5) -> 372.5 | D73: =B73 -> 527 | E73: =C73 -> 372.5 | G73: =93+90+11+(J20*(K20+9))+(40*(J20-1))+15+2 -> 420 | H73: =G73-H20/2 -> 300.5 | I73: =G73 -> 420 | J73: =H73 -> 300.5 | L73: =B73 -> 527 | M73: =C73 -> 372.5 | N73: =L73 -> 527 | O73: =M73 -> 372.5 | Q73: =G73 -> 420 | R73: =H73 -> 300.5 | S73: =Q73 -> 420 | T73: =R73 -> 300.5
A74: =A21 -> 3200 | B74: =93+90+11+(D21*(E21+9))+(40*(D21-1))+15 -> 587 | C74: =B74-((B21/2)-18-1.5) -> 402.5 | D74: =B74 -> 587 | E74: =C74 -> 402.5 | G74: =93+90+11+(J21*(K21+9))+(40*(J21-1))+15+2 -> 529 | H74: =G74-H21/2 -> 355 | I74: =G74 -> 529 | J74: =H74 -> 355 | L74: =B74 -> 587 | M74: =C74 -> 402.5 | N74: =L74 -> 587 | O74: =M74 -> 402.5 | Q74: =G74 -> 529 | R74: =H74 -> 355 | S74: =Q74 -> 529 | T74: =R74 -> 355
A75: =A22 -> 4000 | B75: =93+90+11+(D22*(E22+9))+(40*(D22-1))+15 -> 667 | C75: =B75-((B22/2)-18-1.5) -> 442.5 | D75: =B75 -> 667 | E75: =C75 -> 442.5 | G75: =93+90+11+(J22*(K22+9))+(40*(J22-1))+15+2 -> 589 | H75: =G75-H22/2 -> 385 | I75: =G75 -> 589 | J75: =H75 -> 385 | L75: =B75 -> 667 | M75: =C75 -> 442.5 | N75: =L75 -> 667 | O75: =M75 -> 442.5 | Q75: =G75 -> 589 | R75: =H75 -> 385 | S75: =Q75 -> 589 | T75: =R75 -> 385
A76: =A23 -> 5000 | B76: =93+90+11+(D23*(E23+9))+(40*(D23-1))+15 -> 885 | C76: =B76-((B23/2)-18-1.5) -> 551.5 | D76: =B76 -> 885 | E76: =C76 -> 551.5 | G76: =93+90+11+(J23*(K23+9))+(40*(J23-1))+15+2 -> 669 | H76: =G76-H23/2 -> 425 | I76: =G76 -> 669 | J76: =H76 -> 425 | L76: =B76 -> 885 | M76: =C76 -> 551.5 | N76: =L76 -> 885 | O76: =M76 -> 551.5 | Q76: =G76 -> 669 | R76: =H76 -> 425 | S76: =Q76 -> 669 | T76: =R76 -> 425
A77: =A24 -> 6300 | B77: =93+90+11+(D24*(E24+9))+(40*(D24-1))+15 -> 1005 | C77: =B77-((B24/2)-18-1.5) -> 611.5 | D77: =B77 -> 1005 | E77: =C77 -> 611.5 | G77: =93+90+11+(J24*(K24+9))+(40*(J24-1))+15+2 -> 918 | H77: =G77-H24/2 -> 549.5 | I77: =G77 -> 918 | J77: =H77 -> 549.5 | L77: =B77 -> 1005 | M77: =C77 -> 611.5 | N77: =L77 -> 1005 | O77: =M77 -> 611.5 | Q77: =G77 -> 918 | R77: =H77 -> 549.5 | S77: =Q77 -> 918 | T77: =R77 -> 549.5
A79: Секция Z-образная горизонтальная ZD
A81: Номинальный ток | B81: 4р | J81: 5р
B82: алюминий | F82: медь | J82: алюминий | N82: медь
B83: L1, мм | C83: L2, мм | D83: L3, мм | F83: L1, мм | G83: L2, мм | H83: L3, мм | J83: L1, мм | K83: L2, мм | L83: L3, мм | N83: L1, мм | O83: L2, мм | P83: L3, мм
A84: =A9 -> 160 | B84: =11+93+90+C9 -> 334 | C84: 245 | D84: =B84 -> 334 | F84: =11+93+90+C9 -> 334 | G84: 245 | H84: =F84 -> 334 | J84: =B84 -> 334 | K84: =C84 -> 245 | L84: =D84 -> 334 | N84: =F84 -> 334 | O84: =G84 -> 245 | P84: =H84 -> 334
A85: =A10 -> 250 | B85: =11+93+90+C10 -> 334 | C85: 246 | D85: =B85 -> 334 | F85: =11+93+90+C10 -> 334 | G85: 246 | H85: =F85 -> 334 | J85: =B85 -> 334 | K85: =C85 -> 246 | L85: =D85 -> 334 | N85: =F85 -> 334 | O85: =G85 -> 246 | P85: =H85 -> 334
A86: =A11 -> 315 | B86: =11+93+90+C11 -> 334 | C86: 247 | D86: =B86 -> 334 | F86: =11+93+90+C11 -> 334 | G86: 247 | H86: =F86 -> 334 | J86: =B86 -> 334 | K86: =C86 -> 247 | L86: =D86 -> 334 | N86: =F86 -> 334 | O86: =G86 -> 247 | P86: =H86 -> 334
A87: =A12 -> 400 | B87: =11+93+90+C12 -> 334 | C87: 248 | D87: =B87 -> 334 | F87: =11+93+90+C12 -> 334 | G87: 248 | H87: =F87 -> 334 | J87: =B87 -> 334 | K87: =C87 -> 248 | L87: =D87 -> 334 | N87: =F87 -> 334 | O87: =G87 -> 248 | P87: =H87 -> 334
A88: =A13 -> 500 | B88: =11+93+90+C13 -> 334 | C88: 249 | D88: =B88 -> 334 | F88: =11+93+90+C13 -> 334 | G88: 249 | H88: =F88 -> 334 | J88: =B88 -> 334 | K88: =C88 -> 249 | L88: =D88 -> 334 | N88: =F88 -> 334 | O88: =G88 -> 249 | P88: =H88 -> 334
A89: =A14 -> 630 | B89: =11+93+90+C14 -> 334 | C89: 250 | D89: =B89 -> 334 | F89: =11+93+90+C14 -> 334 | G89: 250 | H89: =F89 -> 334 | J89: =B89 -> 334 | K89: =C89 -> 250 | L89: =D89 -> 334 | N89: =F89 -> 334 | O89: =G89 -> 250 | P89: =H89 -> 334
A90: =A15 -> 800 | B90: =11+93+90+C14 -> 334 | C90: 250 | D90: =B90 -> 334 | F90: =11+93+90+C15 -> 334 | G90: 250 | H90: =D90 -> 334 | J90: =B90 -> 334 | K90: =C90 -> 250 | L90: =D90 -> 334 | N90: =F90 -> 334 | O90: =G90 -> 250 | P90: =H90 -> 334
A91: =A16 -> 1000 | B91: =11+93+90+C15 -> 334 | C91: 250 | D91: =B91 -> 334 | F91: =11+93+90+C16 -> 334 | G91: 250 | H91: =D91 -> 334 | J91: =B91 -> 334 | K91: =C91 -> 250 | L91: =D91 -> 334 | N91: =F91 -> 334 | O91: =G91 -> 250 | P91: =H91 -> 334
A92: =A17 -> 1250 | B92: =11+93+90+C16 -> 334 | C92: 250 | D92: =B92 -> 334 | F92: =11+93+90+C17 -> 334 | G92: 250 | H92: =D92 -> 334 | J92: =B92 -> 334 | K92: =C92 -> 250 | L92: =D92 -> 334 | N92: =F92 -> 334 | O92: =G92 -> 250 | P92: =H92 -> 334
A93: =A18 -> 1600 | B93: =11+93+90+C17 -> 334 | C93: 250 | D93: =B93 -> 334 | F93: =11+93+90+C18 -> 334 | G93: 250 | H93: =D93 -> 334 | J93: =B93 -> 334 | K93: =C93 -> 250 | L93: =D93 -> 334 | N93: =F93 -> 334 | O93: =G93 -> 250 | P93: =H93 -> 334
A94: =A19 -> 2000 | B94: =11+93+90+C18 -> 334 | C94: 250 | D94: =B94 -> 334 | F94: =11+93+90+C19 -> 334 | G94: 250 | H94: =D94 -> 334 | J94: =B94 -> 334 | K94: =C94 -> 250 | L94: =D94 -> 334 | N94: =F94 -> 334 | O94: =G94 -> 250 | P94: =H94 -> 334
A95: =A20 -> 2500 | B95: =11+93+90+C19 -> 334 | C95: 250 | D95: =B95 -> 334 | F95: =11+93+90+C20 -> 334 | G95: 250 | H95: =D95 -> 334 | J95: =B95 -> 334 | K95: =C95 -> 250 | L95: =D95 -> 334 | N95: =F95 -> 334 | O95: =G95 -> 250 | P95: =H95 -> 334
A96: =A21 -> 3200 | B96: =11+93+90+C20 -> 334 | C96: 250 | D96: =B96 -> 334 | F96: =11+93+90+C21 -> 334 | G96: 250 | H96: =D96 -> 334 | J96: =B96 -> 334 | K96: =C96 -> 250 | L96: =D96 -> 334 | N96: =F96 -> 334 | O96: =G96 -> 250 | P96: =H96 -> 334
A97: =A22 -> 4000 | B97: =11+93+90+C21 -> 334 | C97: 250 | D97: =B97 -> 334 | F97: =11+93+90+C22 -> 334 | G97: 250 | H97: =D97 -> 334 | J97: =B97 -> 334 | K97: =C97 -> 250 | L97: =D97 -> 334 | N97: =F97 -> 334 | O97: =G97 -> 250 | P97: =H97 -> 334
A98: =A23 -> 5000 | B98: =11+93+90+C22 -> 334 | C98: 250 | D98: =B98 -> 334 | F98: =11+93+90+C23 -> 334 | G98: 250 | H98: =D98 -> 334 | J98: =B98 -> 334 | K98: =C98 -> 250 | L98: =D98 -> 334 | N98: =F98 -> 334 | O98: =G98 -> 250 | P98: =H98 -> 334
A99: =A24 -> 6300 | B99: =11+93+90+C23 -> 334 | C99: 250 | D99: =B99 -> 334 | F99: =11+93+90+C24 -> 334 | G99: 250 | H99: =D99 -> 334 | J99: =B99 -> 334 | K99: =C99 -> 250 | L99: =D99 -> 334 | N99: =F99 -> 334 | O99: =G99 -> 250 | P99: =H99 -> 334
A100: Секция Z-образная вертикальная ZP
A101: Номинальный ток | B101: 4р | J101: 5р
B102: алюминий | F102: медь | J102: алюминий | N102: медь
B103: L1, мм | C103: L2, мм | D103: L3, мм | F103: L1, мм | G103: L2, мм | H103: L3, мм | J103: L1, мм | K103: L2, мм | L103: L3, мм | N103: L1, мм | O103: L2, мм | P103: L3, мм
A104: =A9 -> 160 | B104: =B62 -> 250 | C104: =E9+150 -> 180 | D104: =B104 -> 250 | F104: =183+3+18+K9+11 -> 245 | G104: =K9+140 -> 170 | H104: =F104 -> 245 | J104: =B104 -> 250 | K104: =C104 -> 180 | L104: =D104 -> 250 | N104: =F104 -> 245 | O104: =G104 -> 170 | P104: =H104 -> 245
A105: =A10 -> 250 | B105: =B63 -> 250 | C105: =E10+150 -> 180 | D105: =B105 -> 250 | F105: =183+3+18+K10+11 -> 245 | G105: =K10+140 -> 170 | H105: =F105 -> 245 | J105: =B105 -> 250 | K105: =C105 -> 180 | L105: =D105 -> 250 | N105: =F105 -> 245 | O105: =G105 -> 170 | P105: =H105 -> 245
A106: =A11 -> 315 | B106: =B64 -> 250 | C106: =E11+150 -> 180 | D106: =B106 -> 250 | F106: =183+3+18+K11+11 -> 245 | G106: =K11+140 -> 170 | H106: =F106 -> 245 | J106: =B106 -> 250 | K106: =C106 -> 180 | L106: =D106 -> 250 | N106: =F106 -> 245 | O106: =G106 -> 170 | P106: =H106 -> 245
A107: =A12 -> 400 | B107: =B65 -> 250 | C107: =E12+150 -> 180 | D107: =B107 -> 250 | F107: =183+3+18+K12+11 -> 245 | G107: =K12+140 -> 170 | H107: =F107 -> 245 | J107: =B107 -> 250 | K107: =C107 -> 180 | L107: =D107 -> 250 | N107: =F107 -> 245 | O107: =G107 -> 170 | P107: =H107 -> 245
A108: =A13 -> 500 | B108: =B66 -> 260 | C108: =E13+150 -> 190 | D108: =B108 -> 260 | F108: =183+3+18+K13+11 -> 245 | G108: =K13+140 -> 170 | H108: =F108 -> 245 | J108: =B108 -> 260 | K108: =C108 -> 190 | L108: =D108 -> 260 | N108: =F108 -> 245 | O108: =G108 -> 170 | P108: =H108 -> 245
A109: =A14 -> 630 | B109: =B67 -> 270 | C109: =E14+150 -> 200 | D109: =B109 -> 270 | F109: =183+3+18+K14+11 -> 255 | G109: =K14+140 -> 180 | H109: =F109 -> 255 | J109: =B109 -> 270 | K109: =C109 -> 200 | L109: =D109 -> 270 | N109: =F109 -> 255 | O109: =G109 -> 180 | P109: =H109 -> 255
A110: =A15 -> 800 | B110: =B68 -> 285 | C110: =E15+150 -> 215 | D110: =B110 -> 285 | F110: =183+3+18+K15+11 -> 275 | G110: =K15+140 -> 200 | H110: =F110 -> 275 | J110: =B110 -> 285 | K110: =C110 -> 215 | L110: =D110 -> 285 | N110: =F110 -> 275 | O110: =G110 -> 200 | P110: =H110 -> 275
A111: =A16 -> 1000 | B111: =B69 -> 320 | C111: =E16+150 -> 250 | D111: =B111 -> 320 | F111: =183+3+18+K16+11 -> 280 | G111: =K16+140 -> 205 | H111: =F111 -> 280 | J111: =B111 -> 320 | K111: =C111 -> 250 | L111: =D111 -> 320 | N111: =F111 -> 280 | O111: =G111 -> 205 | P111: =H111 -> 280
A112: =A17 -> 1250 | B112: =B70 -> 350 | C112: =E17+150 -> 280 | D112: =B112 -> 350 | F112: =183+3+18+K17+11 -> 295 | G112: =K17+140 -> 220 | H112: =F112 -> 295 | J112: =B112 -> 350 | K112: =C112 -> 280 | L112: =D112 -> 350 | N112: =F112 -> 295 | O112: =G112 -> 220 | P112: =H112 -> 295
A113: =A18 -> 1600 | B113: =B71 -> 380 | C113: =E18+150 -> 310 | D113: =B113 -> 380 | F113: =183+3+18+K18+11 -> 315 | G113: =K18+140 -> 240 | H113: =F113 -> 315 | J113: =B113 -> 380 | K113: =C113 -> 310 | L113: =D113 -> 380 | N113: =F113 -> 315 | O113: =G113 -> 240 | P113: =H113 -> 315
A114: =A19 -> 2000 | B114: =B72 -> 420 | C114: =E19+150 -> 350 | D114: =B114 -> 420 | F114: =183+3+18+K19+11 -> 375 | G114: =K19+140 -> 300 | H114: =F114 -> 375 | J114: =B114 -> 420 | K114: =C114 -> 350 | L114: =D114 -> 420 | N114: =F114 -> 375 | O114: =G114 -> 300 | P114: =H114 -> 375
A115: =A20 -> 2500 | B115: =B73 -> 527 | C115: =E20*D20+150 -> 410 | D115: =B115 -> 527 | F115: =183+(3*2)+40+(K20*2)+11+18 -> 658 | G115: =K20+140 -> 340 | H115: =F115 -> 658 | J115: =B115 -> 527 | K115: =C115 -> 410 | L115: =D115 -> 527 | N115: =F115 -> 658 | O115: =G115 -> 340 | P115: =H115 -> 658
...

Sheet История изменений
B2: Версия | C2: Дата | D2: Что изменилось
B3: 1.8 | C3: 46146 | D3: В минимальных размерах L1 для элемента ZP номинал от 1000А до 2500А приведены в соответствие CP угла.
B4: 1.9 | C4: 21.05.2026 | D4: В минимальных размерах L1 и L2 для элемента TP увеличился размер в большую сторону. Не учтены была крышка.

Sheet Максимальные размеры  IP55
A1: Максимальные размеры элементов шинопровода KLM-S, IP55 конструктива 13/V3
D3: Таблица размеров и масс
D4: Секция угловая горизонтальная FE
D5: Рекомендуемая кратность шага
D6: Шаг L1 = | G6: 10 мм.
A8: Номинальный ток | B8: 4р | N8: 5р
B9: алюминий | H9: медь | N9: алюминий | T9: медь
B10: H, мм | C10: W, мм | D10: Шина | G10: Масса, кг пог/м | H10: H, мм | I10: W, мм | J10: Шина | M10: Масса, кг пог/м | N10: H, мм | O10: W, мм | P10: Шина | S10: Масса, кг пог/м | T10: H, мм | U10: W, мм | V10: Шина | Y10: Масса, кг пог/м
D11: Кол-во, шт | E11: Высота | F11: Толщина | J11: Кол-во, шт | K11: Высота | L11: Толщина | P11: Кол-во, шт | Q11: Высота | R11: Толщина | V11: Кол-во, шт | W11: Высота | X11: Толщина
A12: 160 | B12: =E12+18+18+3 -> 69 | C12: 140 | D12: 1 | E12: 30 | F12: 6 | G12: 7.5 | H12: =K12+18+18+3 -> 69 | I12: 140 | J12: 1 | K12: 30 | L12: 6 | M12: 18.4 | N12: =B12 -> 69 | O12: =C12 -> 140 | P12: =D12 -> 1 | Q12: =E12 -> 30 | R12: =F12 -> 6 | S12: 6.7 | T12: =H12 -> 69 | U12: =C12 -> 140 | V12: =J12 -> 1 | W12: =K12 -> 30 | X12: =L12 -> 6 | Y12: 18.5
A13: 250 | B13: =E13+18+18+3 -> 69 | C13: 140 | D13: 1 | E13: 30 | F13: 6 | G13: 7.5 | H13: =K13+18+18+3 -> 69 | I13: 140 | J13: 1 | K13: 30 | L13: 6 | M13: 18.4 | N13: =B13 -> 69 | O13: =C13 -> 140 | P13: =D13 -> 1 | Q13: =E13 -> 30 | R13: =F13 -> 6 | S13: 7.7 | T13: =H13 -> 69 | U13: =C13 -> 140 | V13: =J13 -> 1 | W13: =K13 -> 30 | X13: =L13 -> 6 | Y13: 19.5
A14: 400 | B14: =E14+18+18+3 -> 69 | C14: 140 | D14: 1 | E14: 30 | F14: 6 | G14: 7.5 | H14: =K14+18+18+3 -> 69 | I14: 140 | J14: 1 | K14: 30 | L14: 6 | M14: 18.4 | N14: =B14 -> 69 | O14: =C14 -> 140 | P14: =D14 -> 1 | Q14: =E14 -> 30 | R14: =F14 -> 6 | S14: 8.7 | T14: =H14 -> 69 | U14: =C14 -> 140 | V14: =J14 -> 1 | W14: =K14 -> 30 | X14: =L14 -> 6 | Y14: 20.5
A15: 630 | B15: =E15+18+18+3 -> 89 | C15: 140 | D15: 1 | E15: 50 | F15: 6 | G15: 9.4 | H15: =K15+18+18+3 -> 79 | I15: =C15 -> 140 | J15: 1 | K15: 40 | L15: 6 | M15: 20.6 | N15: =B15 -> 89 | O15: =C15 -> 140 | P15: =D15 -> 1 | Q15: =E15 -> 50 | R15: =F15 -> 6 | S15: 10.9 | T15: =H15 -> 79 | U15: =C15 -> 140 | V15: =J15 -> 1 | W15: =K15 -> 40 | X15: =L15 -> 6 | Y15: 23
A16: 800 | B16: =E16+18+18+3 -> 104 | C16: =C15 -> 140 | D16: 1 | E16: 65 | F16: 6 | G16: 10.7 | H16: =K16+18+18+3 -> 99 | I16: =C16 -> 140 | J16: 1 | K16: 60 | L16: =L15 -> 6 | M16: 20.6 | N16: =B16 -> 104 | O16: =C16 -> 140 | P16: =D16 -> 1 | Q16: =E16 -> 65 | R16: =F16 -> 6 | S16: 12.3 | T16: =H16 -> 99 | U16: =C16 -> 140 | V16: =J16 -> 1 | W16: =K16 -> 60 | X16: =L16 -> 6 | Y16: 23
A17: 1000 | B17: =E17+18+18+3 -> 139 | C17: =C16 -> 140 | D17: 1 | E17: 100 | F17: 6 | G17: 12.9 | H17: =K17+18+18+3 -> 104 | I17: =C17 -> 140 | J17: 1 | K17: 65 | L17: =L16 -> 6 | M17: 22.6 | N17: =B17 -> 139 | O17: =C17 -> 140 | P17: =D17 -> 1 | Q17: =E17 -> 100 | R17: =F17 -> 6 | S17: 13.7 | T17: =H17 -> 104 | U17: =C17 -> 140 | V17: =J17 -> 1 | W17: =K17 -> 65 | X17: =L17 -> 6 | Y17: 25.6
A18: 1250 | B18: =E18+18+18+3 -> 169 | C18: =C17 -> 140 | D18: 1 | E18: 130 | F18: 6 | G18: 15.9 | H18: =K18+18+18+3 -> 119 | I18: =C18 -> 140 | J18: 1 | K18: 80 | L18: =L17 -> 6 | M18: 25.6 | N18: =B18 -> 169 | O18: =C18 -> 140 | P18: =D18 -> 1 | Q18: =E18 -> 130 | R18: =F18 -> 6 | S18: 18.8 | T18: =H18 -> 119 | U18: =C18 -> 140 | V18: 1 | W18: =K18 -> 80 | X18: =L18 -> 6 | Y18: 28.6
A19: 1600 | B19: =E19+18+18+3 -> 199 | C19: =C18 -> 140 | D19: 1 | E19: 160 | F19: 6 | G19: 19.4 | H19: =K19+18+18+3 -> 139 | I19: =C19 -> 140 | J19: 1 | K19: 100 | L19: =L18 -> 6 | M19: 30.9 | N19: =B19 -> 199 | O19: =C19 -> 140 | P19: =D19 -> 1 | Q19: =E19 -> 160 | R19: =F19 -> 6 | S19: 23.1 | T19: =H19 -> 139 | U19: =C19 -> 140 | V19: 1 | W19: =K19 -> 100 | X19: =L19 -> 6 | Y19: 36.9
A20: 2000 | B20: =E20+18+18+3 -> 239 | C20: =C19 -> 140 | D20: 1 | E20: 200 | F20: 6 | G20: 23.3 | H20: =K20+18+18+3 -> 199 | I20: =C20 -> 140 | J20: 1 | K20: 160 | L20: =L19 -> 6 | M20: 38.8 | N20: =B20 -> 239 | O20: =C20 -> 140 | P20: =D20 -> 1 | Q20: =E20 -> 200 | R20: =F20 -> 6 | S20: 27.5 | T20: =H20 -> 199 | U20: =C20 -> 140 | V20: 1 | W20: =K20 -> 160 | X20: =L20 -> 6 | Y20: 46.8
A21: 2500 | B21: =(E21*D21)+18+18+(3*D21)+(3*D21)+40 -> 348 | C21: =C20 -> 140 | D21: 2 | E21: 130 | F21: 6 | G21: 33.66 | H21: =K21+18+18+3 -> 239 | I21: =C21 -> 140 | J21: 1 | K21: 200 | L21: =L20 -> 6 | M21: 46.6 | N21: =B21 -> 348 | O21: =C21 -> 140 | P21: =D21 -> 2 | Q21: =E21 -> 130 | R21: =F21 -> 6 | S21: 39.3 | T21: =H21 -> 239 | U21: =C21 -> 140 | V21: 1 | W21: =K21 -> 200 | X21: =L21 -> 6 | Y21: 49.8
A22: 3200 | B22: =(E22*D22)+18+18+(3*D22)+(3*D22)+40 -> 408 | C22: =C21 -> 140 | D22: 2 | E22: 160 | F22: 6 | G22: 39.5 | H22: =(K22*J22)+18+18+(3*J22)+(3*J22)+40 -> 348 | I22: =C22 -> 140 | J22: 2 | K22: 130 | L22: =L21 -> 6 | M22: 62.6 | N22: =B22 -> 408 | O22: =C22 -> 140 | P22: =D22 -> 2 | Q22: =E22 -> 160 | R22: =F22 -> 6 | S22: 46.3 | T22: =H22 -> 348 | U22: =C22 -> 140 | V22: =J22 -> 2 | W22: =K22 -> 130 | X22: =L22 -> 6 | Y22: 74.8
A23: 4000 | B23: =(E23*D23)+18+18+(3*D23)+(3*D23)+40 -> 488 | C23: =C22 -> 140 | D23: 2 | E23: 200 | F23: 6 | G23: 47.5 | H23: =(K23*J23)+18+18+(3*J23)+(3*J23)+40 -> 408 | I23: =C23 -> 140 | J23: 2 | K23: 160 | L23: =L22 -> 6 | M23: 93.9 | N23: =B23 -> 488 | O23: =C23 -> 140 | P23: =D23 -> 2 | Q23: =E23 -> 200 | R23: =F23 -> 6 | S23: 55.3 | T23: =H23 -> 408 | U23: =C23 -> 140 | V23: =J23 -> 2 | W23: =K23 -> 160 | X23: =L23 -> 6 | Y23: 114.7
A24: 5000 | B24: =(E24*D24)+18+18+(3*6)+(3*D24)+(40*3) -> 706 | C24: =C23 -> 140 | D24: 4 | E24: 130 | F24: 6 | G24: 67.4 | H24: =(K24*J24)+18+18+(3*J24)+(3*J24)+40 -> 488 | I24: =C24 -> 140 | J24: 2 | K24: 200 | L24: =L23 -> 6 | M24: 124.6 | N24: =B24 -> 706 | O24: =C24 -> 140 | P24: =D24 -> 4 | Q24: =E24 -> 130 | R24: =F24 -> 6 | S24: 77.3 | T24: =H24 -> 488 | U24: =C24 -> 140 | V24: =J24 -> 2 | W24: =K24 -> 200 | X24: =L24 -> 6 | Y24: 152.6
A25: 6300 | B25: =(E25*D25)+18+18+(3*6)+(3*D25)+(40*3) -> 826 | C25: =C24 -> 140 | D25: 4 | E25: 160 | F25: 6 | G25: 74.7 | H25: =(K25*J25)+18+18+(3*4)+(3*J25)+40*2 -> 737 | I25: =C25 -> 140 | J25: 3 | K25: 200 | L25: =L24 -> 6 | M25: 156.1 | N25: =B25 -> 826 | O25: =C25 -> 140 | P25: =D25 -> 4 | Q25: =E25 -> 160 | R25: =F25 -> 6 | S25: 90.7 | T25: =H25 -> 737 | U25: =C25 -> 140 | V25: =J25 -> 3 | W25: =K25 -> 200 | X25: =L25 -> 6 | Y25: 168.1
A26: *Pi (окна только на одной стороне секции) | B26: до 1000мм без окон окона отбора мощности
B27: от 1000-2000мм 1 оконо отбора мощности
B28: 3000мм 2 окона отбора мощности
A31: Номинальный ток | B31: 4р | H31: 5р
B32: алюминий | E32: медь | H32: алюминий | K32: медь
B33: H, мм | C33: W, мм | D33: Масса, кг/м | E33: H, мм | F33: W, мм | G33: Масса, кг/м | H33: H, мм | I33: W, мм | J33: Масса, кг/м | K33: H, мм | L33: W, мм | M33: Масса, кг/м
A34: 400 | C34: 140
A35: 630 | C35: 140
A36: 800 | B36: 114 | C36: 140 | D36: 10.8 | E36: 104 | F36: 140 | G36: 20.666667 | H36: 114 | I36: 140 | J36: 12.333333 | K36: 104 | L36: 140 | M36: 23
A37: 1000 | B37: 139 | C37: 140 | D37: 13.5 | E37: 104 | F37: 140 | G37: 22.666667 | H37: 139 | I37: 140 | J37: 15.433333 | K37: 104 | L37: 140 | M37: 25.666667
A38: 1250 | B38: 169 | C38: 140 | D38: 16.333333 | E38: 114 | F38: 140 | G38: 25.666667 | H38: 169 | I38: 140 | J38: 18.8 | K38: 114 | L38: 140 | M38: 28.666667
A39: 1600 | B39: 199 | C39: 140 | D39: 20.333333 | E39: 139 | F39: 140 | G39: 30.766667 | H39: 199 | I39: 140 | J39: 23.066667 | K39: 139 | L39: 140 | M39: 36.9
A40: 2000 | B40: 239 | C40: 140 | D40: 23.333333 | E40: 169 | F40: 140 | G40: 38.833333 | H40: 239 | I40: 140 | J40: 27.766667 | K40: 169 | L40: 140 | M40: 46.833333
A41: 2500 | B41: 349 | C41: 140 | D41: 33.6 | E41: 199 | F41: 140 | G41: 46.666667 | H41: 349 | I41: 140 | J41: 39.333333 | K41: 199 | L41: 140 | M41: 49.833333
A42: 3200 | B42: 409 | C42: 140 | D42: 39.266667 | E42: 289 | F42: 140 | G42: 62.633333 | H42: 409 | I42: 140 | J42: 46.333333 | K42: 289 | L42: 140 | M42: 74.833333
A43: 4000 | B43: 489 | C43: 140 | D43: 46.866667 | E43: 409 | F43: 140 | G43: 93.933333 | H43: 489 | I43: 140 | J43: 55.266667 | K43: 409 | L43: 140 | M43: 114.76667
A44: 5000 | B44: 709 | C44: 140 | D44: 67.433333 | E44: 619 | F44: 140 | G44: 124.66667 | H44: 709 | I44: 140 | J44: 77.333333 | K44: 619 | L44: 140 | M44: 152.66667
A45: 6300 | B45: 829 | C45: 140 | D45: 78.8 | E45: 709 | F45: 140 | G45: 156.1 | H45: 829 | I45: 140 | J45: 90.666667 | K45: 709 | L45: 140 | M45: 168.16667
A46: *Pi (окна только на одной стороне секции) | B46: до 2000мм без окон окона отбора мощности
B47: от 2000-3000мм 1 оконо отбора мощности
B48: 3000мм 2 окона отбора мощности
D50: Секция угловая горизонтальная CD
D51: Рекомендуемая кратность шага
D52: Шаг L1 = | G52: 50 мм.
D53: Шаг L2 = | G53: 50 мм.
A55: Номинальный ток | B55: 4р | H55: 5р
B56: алюминий | E56: медь | H56: алюминий | K56: медь
B57: L1, мм | C57: L2 | D57: Масса, кг/м | E57: L1, мм | F57: L2 | G57: Масса, кг/м | H57: L1, мм | I57: L2 | J57: Масса, кг/м | K57: L1, мм | L57: L2, мм | M57: Масса, кг/м
A58: 160 | B58: 800 | C58: 800 | H58: =B58 -> 800 | I58: =C58 -> 800 | K58: =E58 -> 0 | L58: =F58 -> 0
A59: 250 | B59: 800 | C59: 800 | H59: =B59 -> 800 | I59: =C59 -> 800 | K59: =E59 -> 0 | L59: =F59 -> 0
A60: =A14 -> 400 | B60: 800 | C60: 800 | H60: =B60 -> 800 | I60: =C60 -> 800 | K60: =E60 -> 0 | L60: =F60 -> 0
A61: =A15 -> 630 | B61: 800 | C61: 800 | H61: =B61 -> 800 | I61: =C61 -> 800 | K61: =E61 -> 0 | L61: =F61 -> 0
A62: =A16 -> 800 | B62: 800 | C62: 800 | H62: =B62 -> 800 | I62: =C62 -> 800 | K62: =E62 -> 0 | L62: =F62 -> 0
A63: =A17 -> 1000 | B63: 800 | C63: 800 | H63: =B63 -> 800 | I63: =C63 -> 800 | K63: =E63 -> 0 | L63: =F63 -> 0
A64: =A18 -> 1250 | B64: 800 | C64: 800 | H64: =B64 -> 800 | I64: =C64 -> 800 | K64: =E64 -> 0 | L64: =F64 -> 0
A65: =A19 -> 1600 | B65: 800 | C65: 800 | H65: =B65 -> 800 | I65: =C65 -> 800 | K65: =E65 -> 0 | L65: =F65 -> 0
A66: =A20 -> 2000 | B66: 800 | C66: 800 | H66: =B66 -> 800 | I66: =C66 -> 800 | K66: =E66 -> 0 | L66: =F66 -> 0
A67: =A21 -> 2500 | B67: 800 | C67: 800 | H67: =B67 -> 800 | I67: =C67 -> 800 | K67: =E67 -> 0 | L67: =F67 -> 0
A68: =A22 -> 3200 | B68: 800 | C68: 800 | H68: =B68 -> 800 | I68: =C68 -> 800 | K68: =E68 -> 0 | L68: =F68 -> 0
A69: =A23 -> 4000 | B69: 800 | C69: 800 | H69: =B69 -> 800 | I69: =C69 -> 800 | K69: =E69 -> 0 | L69: =F69 -> 0
A70: =A24 -> 5000 | B70: 800 | C70: 800 | H70: =B70 -> 800 | I70: =C70 -> 800 | K70: =E70 -> 0 | L70: =F70 -> 0
A71: =A25 -> 6300 | B71: 800 | C71: 800 | H71: =B71 -> 800 | I71: =C71 -> 800 | K71: =E71 -> 0 | L71: =F71 -> 0
D73: Секция угловая вертикальная СР
D74: Рекомендуемая кратность шага
D75: Шаг L1 = | G75: 50 мм.
D76: Шаг L2 = | G76: 50 мм.
A78: Номинальный ток | B78: 4р | H78: 5р
B79: алюминий | E79: медь | H79: алюминий | K79: медь
B80: L1, мм | C80: L2, мм | D80: Масса, кг/м | E80: L1, мм | F80: L2, мм | G80: Масса, кг/м | H80: L1, мм | I80: L2, мм | J80: Масса, кг/м | K80: L1, мм | L80: L2, мм | M80: Масса, кг/м
A81: 160 | B81: 600 | C81: 600 | H81: =B81 -> 600 | I81: =C81 -> 600 | K81: =E81 -> 0 | L81: =F81 -> 0
A82: 250 | B82: 600 | C82: 600 | H82: =B82 -> 600 | I82: =C82 -> 600 | K82: =E82 -> 0 | L82: =F82 -> 0
A83: =A14 -> 400 | B83: 600 | C83: 600 | H83: =B83 -> 600 | I83: =C83 -> 600 | K83: =E83 -> 0 | L83: =F83 -> 0
A84: =A15 -> 630 | B84: 600 | C84: 600 | H84: =B84 -> 600 | I84: =C84 -> 600 | K84: =E84 -> 0 | L84: =F84 -> 0
A85: =A16 -> 800 | B85: 600 | C85: 600 | H85: =B85 -> 600 | I85: =C85 -> 600 | K85: =E85 -> 0 | L85: =F85 -> 0
A86: =A17 -> 1000 | B86: 700 | C86: 700 | H86: =B86 -> 700 | I86: =C86 -> 700 | K86: =E86 -> 0 | L86: =F86 -> 0
A87: =A18 -> 1250 | B87: 700 | C87: 700 | H87: =B87 -> 700 | I87: =C87 -> 700 | K87: =E87 -> 0 | L87: =F87 -> 0
A88: =A19 -> 1600 | B88: 800 | C88: =B88 -> 800 | H88: =B88 -> 800 | I88: =C88 -> 800 | K88: =E88 -> 0 | L88: =F88 -> 0
A89: =A20 -> 2000 | B89: 800 | C89: =B89 -> 800 | H89: =B89 -> 800 | I89: =C89 -> 800 | K89: =E89 -> 0 | L89: =F89 -> 0
A90: =A21 -> 2500 | B90: 900 | C90: =B90 -> 900 | H90: =B90 -> 900 | I90: =C90 -> 900 | K90: =E90 -> 0 | L90: =F90 -> 0
A91: =A22 -> 3200 | B91: 900 | C91: =B91 -> 900 | H91: =B91 -> 900 | I91: =C91 -> 900 | K91: =E91 -> 0 | L91: =F91 -> 0
A92: =A23 -> 4000 | B92: 900 | C92: =B92 -> 900 | H92: =B92 -> 900 | I92: =C92 -> 900 | K92: =E92 -> 0 | L92: =F92 -> 0
A93: =A24 -> 5000 | B93: 1300 | C93: =B93 -> 1300 | H93: =B93 -> 1300 | I93: =C93 -> 1300 | K93: =E93 -> 0 | L93: =F93 -> 0
A94: =A25 -> 6300 | B94: 1300 | C94: =B94 -> 1300 | H94: =B94 -> 1300 | I94: =C94 -> 1300 | K94: =E94 -> 0 | L94: =F94 -> 0
D96: Секция Z-образная горизонтальная ZD
D97: Рекомендуемая кратность шага
D98: Шаг L1 = | G98: 50 мм.
D99: Шаг L2 = | G99: 100 мм.
D100: Шаг L3 = | G100: 50 мм
A102: Номинальный ток | B102: 4р | J102: 5р
B103: алюминий | F103: медь | J103: алюминий | N103: медь
B104: L1, мм | C104: L2, мм | D104: L3,мм | E104: Масса, кг/м | F104: L1, мм | G104: L2, мм | H104: L3,мм | I104: Масса, кг/м | J104: L1, мм | K104: L2, мм | L104: L3,мм | M104: Масса, кг/м | N104: L1, мм | O104: L2, мм | P104: L3,мм | Q104: Масса, кг/м
A105: 160 | F105: =B105 -> 0 | G105: =C105 -> 0 | H105: =D105 -> 0 | J105: =B105 -> 0 | K105: =C105 -> 0 | L105: =D105 -> 0 | N105: =F105 -> 0 | O105: =G105 -> 0 | P105: =H105 -> 0
A106: 250 | F106: =B106 -> 0 | G106: =C106 -> 0 | H106: =D106 -> 0 | J106: =B106 -> 0 | K106: =C106 -> 0 | L106: =D106 -> 0 | N106: =F106 -> 0 | O106: =G106 -> 0 | P106: =H106 -> 0
A107: =A14 -> 400 | F107: =B107 -> 0 | G107: =C107 -> 0 | H107: =D107 -> 0 | J107: =B107 -> 0 | K107: =C107 -> 0 | L107: =D107 -> 0 | N107: =F107 -> 0 | O107: =G107 -> 0 | P107: =H107 -> 0
A108: =A15 -> 630 | F108: =B108 -> 0 | G108: =C108 -> 0 | H108: =D108 -> 0 | J108: =B108 -> 0 | K108: =C108 -> 0 | L108: =D108 -> 0 | N108: =F108 -> 0 | O108: =G108 -> 0 | P108: =H108 -> 0
A109: =A16 -> 800 | F109: =B109 -> 0 | G109: =C109 -> 0 | H109: =D109 -> 0 | J109: =B109 -> 0 | K109: =C109 -> 0 | L109: =D109 -> 0 | N109: =F109 -> 0 | O109: =G109 -> 0 | P109: =H109 -> 0
A110: =A17 -> 1000 | F110: =B110 -> 0 | G110: =C110 -> 0 | H110: =D110 -> 0 | J110: =B110 -> 0 | K110: =C110 -> 0 | L110: =D110 -> 0 | N110: =F110 -> 0 | O110: =G110 -> 0 | P110: =H110 -> 0
...
